Name,Team,Position,Price,PricedAt,Breakeven,Avg2023,Avg2024,L01,L02,L03,L04,L05,LastScore,SeasonAvg,Last3Avg,Last5Avg
Aaron Cadman,GWS,FWD,410000,42,39,25,44,47,45,45,20,0,47,39,46,39
Aaron Francis,SYD,DEF,433000,45,45,45,48,0,0,0,0,0,0,0,0,0
Aaron Naughton,WBD,FWD,584000,60,77,67,61,55,47,33,89,0,55,56,45,56
Adam Cerra,CAR,MID,846000,87,68,97,73,105,83,100,97,0,105,96,96,96
Adam Saad,CAR,DEF,707000,73,68,74,71,83,79,55,72,0,83,72,72,72
Adam Treloar,WBD,MID,1129000,116,116,105,111,0,0,0,0,0,0,0,0,0
Aidan Corr,NTH,DEF,592000,61,50,59,50,73,53,63,82,0,73,68,63,68
Aidan Johnson,MEL,FWD,262000,27,14,0,0,30,43,0,0,0,30,37,37,37
Aiden Riddle,FRE,RUC,230000,24,24,0,0,0,0,0,0,0,0,0,0,0
Alex Cincotta,CAR,DEF,430000,44,44,48,41,0,0,0,0,0,0,0,0,0
Alex Davies,GCS,MID,618000,64,64,55,69,0,0,0,0,0,0,0,0,0
Alex Dodson,STK,RUC,230000,24,24,0,0,0,0,0,0,0,0,0,0,0
Alex Neal-Bullen,ADE,MID/FWD,757000,78,99,73,79,62,59,85,78,0,62,71,69,71
Alex Pearce,FRE,DEF,466000,48,55,44,50,48,38,43,48,0,48,44,43,44
Alex Sexton,GCS,DEF,733000,75,119,25,77,21,0,0,0,0,21,21,21,21
Aliir Aliir,PTA,DEF,619000,64,61,51,63,68,62,71,49,0,68,63,67,63
Alixzander Tauru,STK,DEF/FWD,313000,32,32,0,0,0,0,0,0,0,0,0,0,0
NA Davey,ESS,NULL,284000,29,29,36,28,0,0,0,0,0,0,0,0,0
Andrew Brayshaw,FRE,MID,1008000,104,100,110,104,119,110,77,95,0,119,100,102,100
Andrew McGrath,ESS,DEF,807000,83,128,82,84,35,58,106,0,0,35,66,66,66
Andy Moniz-Wakefield,MEL,DEF,473000,49,49,0,52,0,0,0,0,0,0,0,0,0
Angus Clarke,ESS,DEF,230000,24,24,0,0,0,0,0,0,0,0,0,0,0
Angus Hastie,STK,MID,257000,26,26,0,25,18,28,40,0,0,18,29,29,29
Angus McLennan,STK,DEF,421000,43,43,0,54,0,0,0,0,0,0,0,0,0
Angus Sheldrick,SYD,MID,385000,40,50,62,0,51,12,32,0,0,51,32,32,32
Anthony Caminiti,STK,FWD,593000,61,36,50,48,76,70,83,53,0,76,71,76,71
Anthony Scott,WBD,MID/FWD,378000,39,39,48,50,0,0,0,0,0,0,0,0,0
Archer Day-Wicks,ESS,MID/FWD,230000,24,24,0,0,0,0,0,0,0,0,0,0,0
Archer Reid,WCE,RUC/FWD,332000,34,6,0,0,46,64,35,32,0,46,44,48,44
Archie Perkins,ESS,MID,686000,71,68,67,65,63,85,0,0,0,63,74,74,74
Archie Roberts,ESS,DEF/MID,729000,75,64,0,80,94,68,75,0,0,94,79,79,79
Arie Schoenmaker,STK,DEF,499000,51,47,0,59,56,0,0,0,0,56,56,56,56
Arthur Jones,WBD,FWD,253000,26,34,34,0,31,5,0,0,0,31,18,18,18
Ash Johnson,COLL,FWD,371000,38,38,46,18,0,0,0,0,0,0,0,0,0
Asher Eastham,GCS,FWD,230000,24,24,0,0,0,0,0,0,0,0,0,0,0
Ashton Moir,CAR,FWD,230000,24,38,0,28,5,0,0,0,0,5,5,5,5
Bailey Banfield,FRE,FWD,534000,55,67,48,62,50,60,33,43,0,50,47,48,47
Bailey Dale,WBD,DEF,905000,93,113,85,92,87,63,96,104,0,87,88,82,88
Bailey Humphrey,GCS,FWD,564000,58,32,54,46,60,93,66,0,0,60,73,73,73
Bailey Laurie,MEL,MID/FWD,324000,33,33,25,37,0,0,0,0,0,0,0,0,0
Bailey Macdonald,HAW,DEF,377000,39,39,53,0,0,0,0,0,0,0,0,0,0
Bailey Scott,NTH,MID,724000,75,114,86,81,41,47,81,79,0,41,62,56,62
Bailey Smith,GEE,MID/FWD,823000,85,17,83,0,127,112,126,0,0,127,122,122,122
Bailey Williams,WBD,MID,727000,75,83,70,75,66,83,62,70,0,66,70,70,70
Bailey J. Williams,WCE,RUC,616000,63,62,77,63,69,76,36,0,0,69,60,60,60
Bayley Fritsch,MEL,FWD,493000,51,38,63,51,69,66,21,50,0,69,52,52,52
Beau McCreery,COLL,FWD,528000,54,62,52,54,46,51,56,52,0,46,51,51,51
Ben Ainsworth,GCS,FWD,667000,69,68,74,65,69,69,0,0,0,69,69,69,69
Ben Camporeale,CAR,MID,230000,24,24,0,0,0,0,0,0,0,0,0,0,0
Ben Hobbs,ESS,FWD,500000,51,47,77,50,65,36,57,0,0,65,53,53,53
Ben Jepson,GCS,NULL,230000,24,24,0,0,0,0,0,0,0,0,0,0,0
Ben Keays,ADE,FWD,871000,90,84,77,77,73,97,132,75,0,73,94,101,94
Ben King,GCS,FWD,629000,65,58,46,55,45,83,92,0,0,45,73,73,73
Ben Long,GCS,FWD,614000,63,53,44,54,67,68,73,0,0,67,69,69,69
Ben McKay,ESS,DEF,480000,49,72,53,55,41,28,42,0,0,41,37,37,37
Ben Miller,RI,DEF,603000,62,50,45,55,71,66,69,59,0,71,66,69,66
Ben Paton,SYD,DEF/FWD,442000,45,54,54,26,42,35,0,0,0,42,39,39,39
Benny Barrett,PTA,MID,230000,24,24,0,0,0,0,0,0,0,0,0,0,0
Billy Dowling,ADE,MID,678000,70,70,0,66,0,0,0,0,0,0,0,0,0
Billy Frampton,COLL,DEF,372000,38,44,51,37,30,0,0,0,0,30,30,30,30
Billy Wilson,CAR,DEF/MID,230000,24,24,0,0,0,0,0,0,0,0,0,0,0
Blake Acres,CAR,MID,788000,81,90,88,88,104,64,34,92,0,104,74,67,74
Blake Hardwick,HAW,DEF,677000,70,47,81,66,98,76,69,48,0,98,73,81,73
Blake Howes,MEL,DEF,473000,49,67,0,54,34,48,32,0,0,34,38,38,38
Blake Leidler,SYD,DEF,230000,24,24,0,0,0,0,0,0,0,0,0,0,0
Bo Allan,WCE,DEF/MID,295000,30,30,0,0,0,0,0,0,0,0,0,0,0
Bodhi Uwland,GCS,DEF,586000,60,72,31,61,53,57,50,0,0,53,53,53,53
Bodie Ryan,HAW,DEF,230000,24,24,0,0,0,0,0,0,0,0,0,0,0
Brad Close,GEE,FWD,553000,57,55,56,57,65,59,39,61,0,65,56,54,56
Bradley Hill,STK,MID/FWD,628000,65,65,74,75,73,76,49,25,0,73,56,66,56
Brady Hough,WCE,DEF,568000,58,79,61,60,37,43,71,60,0,37,53,50,53
Braeden Campbell,SYD,MID,562000,58,41,65,47,65,64,81,44,0,65,64,70,64
Brandon Ryan,BRL,FWD,290000,30,30,39,19,0,0,0,0,0,0,0,0,0
Brandon Starcevich,BRL,DEF,480000,49,48,49,47,50,0,0,0,0,50,50,50,50
Brandon Walker,FRE,DEF,524000,54,86,39,56,12,56,0,0,0,12,34,34,34
Brandon Zerk-Thatcher,PTA,DEF,517000,53,53,52,51,0,0,0,0,0,0,0,0,0
Brayden Cook,ADE,FWD,425000,44,44,63,41,0,0,0,0,0,0,0,0,0
Brayden Fiorini,GCS,MID,758000,78,78,71,74,0,0,0,0,0,0,0,0,0
Brayden George,NTH,FWD,230000,24,24,0,0,0,0,0,0,0,0,0,0,0
Brayden Maynard,COLL,DEF,659000,68,82,75,72,61,55,73,51,0,61,60,63,60
Brennan Cox,FRE,DEF,550000,57,73,70,52,65,26,55,35,0,65,45,49,45
Brent Daniels,GWS,FWD,713000,73,116,70,86,50,60,27,88,0,50,56,46,56
Brodie Grundy,SYD,RUC,901000,93,111,75,98,83,82,95,69,0,83,82,87,82
Brodie Kemp,CAR,DEF,579000,60,69,70,68,37,104,26,35,0,37,51,56,51
Brodie Smith,ADE,DEF,657000,68,68,81,64,0,0,0,0,0,0,0,0,0
Brody Mihocek,COLL,FWD,564000,58,69,60,59,52,57,44,0,0,52,51,51,51
Bruce Reville,BRL,MID,455000,47,48,0,48,58,35,38,0,0,58,44,44,44
Brynn Teakle,NTH,FWD,402000,41,41,59,42,0,0,0,0,0,0,0,0,0
Buku Khamis,WBD,DEF,482000,50,43,15,44,47,59,57,0,0,47,54,54,54
Caiden Cleary,SYD,FWD,279000,29,-4,0,23,68,0,0,0,0,68,68,68,68
Caleb Daniel,NTH,MID/FWD,778000,80,36,90,47,88,115,114,91,0,88,102,106,102
Caleb Graham,GCS,DEF,252000,26,26,0,0,0,0,0,0,0,0,0,0,0
Caleb Mitchell,SYD,MID,230000,24,24,0,36,0,0,0,0,0,0,0,0,0
Caleb Poulter,WBD,MID,586000,60,60,57,63,0,0,0,0,0,0,0,0,0
Caleb Serong,FRE,MID,987000,102,98,108,104,121,100,83,85,0,121,97,101,97
Caleb Windsor,MEL,MID,584000,60,70,0,59,51,55,0,0,0,51,53,53,53
Callan Ward,GWS,MID,612000,63,106,72,73,49,13,46,88,0,49,49,36,49
Callum Ah Chee,BRL,FWD,601000,62,63,57,60,61,50,85,46,0,61,61,65,61
Callum M. Brown,GWS,FWD,442000,45,42,53,44,38,66,36,0,0,38,47,47,47
Callum Coleman-Jones,NTH,FWD,408000,42,42,50,26,0,0,0,0,0,0,0,0,0
Callum Jamieson,WCE,DEF,400000,41,41,40,48,0,0,0,0,0,0,0,0,0
Callum Mills,SYD,DEF,759000,78,78,84,62,0,0,0,0,0,0,0,0,0
Callum Wilkie,STK,DEF,765000,79,84,87,76,85,49,93,87,0,85,79,76,79
Calsher Dear,HAW,FWD,445000,46,46,0,44,0,0,0,0,0,0,0,0,0
Cameron Guthrie,GEE,MID,731000,75,75,87,63,0,0,0,0,0,0,0,0,0
Cam Mackenzie,HAW,MID,691000,71,45,49,57,95,82,68,75,0,95,80,82,80
Cam Rayner,BRL,FWD,611000,63,56,64,68,85,56,58,36,0,85,59,66,59
Cameron Zurhaar,NTH,FWD,720000,74,92,65,67,57,50,86,102,0,57,74,64,74
Campbell Chesser,WCE,MID,418000,43,43,43,40,0,0,0,0,0,0,0,0,0
Campbell Gray,RI,DEF/FWD,230000,24,24,0,0,0,0,0,0,0,0,0,0,0
Chad Warner,SYD,MID,901000,93,123,93,95,41,129,66,92,0,41,82,79,82
Changkuoth Jiath,HAW,MID,511000,53,47,57,48,47,68,0,0,0,47,58,58,58
Charlie Ballard,GCS,DEF,496000,51,68,57,50,30,0,0,0,0,30,30,30,30
Charlie Cameron,BRL,FWD,564000,58,72,64,58,50,45,0,0,0,50,48,48,48
Charlie Comben,NTH,DEF,562000,58,62,41,60,48,61,82,18,0,48,52,64,52
Charlie Curnow,CAR,FWD,604000,62,100,87,74,37,64,16,0,0,37,39,39,39
Charlie Dean,COLL,DEF,454000,47,47,0,48,0,0,0,0,0,0,0,0,0
Charlie Edwards,ADE,DEF/MID,230000,24,24,0,0,0,0,0,0,0,0,0,0,0
Charlie Nicholls,FRE,FWD,241000,25,25,0,0,0,0,0,0,0,0,0,0,0
Charlie Spargo,MEL,FWD,318000,33,54,45,36,-1,42,0,0,0,-1,21,21,21
Charlie West,COLL,,230000,24,24,0,0,0,0,0,0,0,0,0,0,0
Chayce Jones,ADE,MID,613000,63,63,67,61,0,0,0,0,0,0,0,0,0
Chris Burgess,ADE,FWD,428000,44,44,22,46,0,0,0,0,0,0,0,0,0
Christian Moraes,PTA,MID,405000,42,-7,0,0,54,93,60,0,0,54,69,69,69
Christian Petracca,MEL,MID,882000,91,108,106,90,77,80,89,95,0,77,85,82,85
Christian Salem,MEL,DEF,897000,92,103,78,79,74,85,97,124,0,74,95,85,95
Cillian Burke,GEE,DEF,230000,24,24,0,0,0,0,0,0,0,0,0,0,0
Clay Hall,WCE,MID,313000,32,9,0,23,48,49,0,0,0,48,49,49,49
Clayton Oliver,MEL,MID,903000,93,68,114,78,104,108,114,84,0,104,103,109,103
Cody Anderson,HAW,MID,230000,24,24,0,0,0,0,0,0,0,0,0,0,0
Cody Angove,GWS,MID/FWD,271000,28,28,0,0,0,0,0,0,0,0,0,0,0
Cody Weightman,WBD,FWD,628000,65,65,58,60,0,0,0,0,0,0,0,0,0
Coen Livingstone,WCE,RUC/FWD,230000,24,24,0,0,0,0,0,0,0,0,0,0,0
Colby McKercher,NTH,DEF,758000,78,89,0,83,79,73,60,72,0,79,71,71,71
Connor Budarick,GCS,DEF,655000,67,94,74,60,37,64,66,0,0,37,56,56,56
Connor Idun,GWS,DEF,728000,75,62,67,73,100,82,47,74,0,100,76,76,76
Connor MacDonald,HAW,FWD,703000,72,115,71,77,20,94,38,0,0,20,51,51,51
Connor O'Sullivan,GEE,DEF,473000,49,0,0,40,96,47,75,50,0,96,67,73,67
Connor Rozee,PTA,MID,1039000,107,123,106,98,84,84,145,112,0,84,106,104,106
Conor McKenna,BRL,DEF,543000,56,95,65,61,25,32,0,0,0,25,29,29,29
Conor Nash,HAW,MID,799000,82,80,82,75,82,75,102,75,0,82,84,86,84
Conor Stone,GWS,FWD,358000,37,21,18,16,28,68,40,50,0,28,47,45,47
Cooper Bell,GCS,DEF/FWD,230000,24,24,0,0,0,0,0,0,0,0,0,0,0
Cooper Harvey,NTH,FWD,321000,33,33,45,0,0,0,0,0,0,0,0,0,0
Cooper Hynes,WBD,MID,283000,29,29,0,0,0,0,0,0,0,0,0,0,0
Cooper Lord,CAR,MID,526000,54,55,0,51,74,15,70,0,0,74,53,53,53
Cooper Sharman,STK,FWD,540000,56,39,44,49,70,63,0,0,0,70,67,67,67
Cooper Simpson,FRE,FWD,230000,24,24,0,24,0,0,0,0,0,0,0,0,0
Corey Durdin,CAR,FWD,316000,33,33,49,31,0,0,0,0,0,0,0,0,0
Corey Wagner,FRE,DEF,618000,64,90,73,60,14,81,71,0,0,14,55,55,55
Corey Warner,SYD,FWD,425000,44,18,21,29,42,68,75,42,0,42,57,62,57
Dan Houston,COLL,DEF,884000,91,118,93,94,80,60,92,0,0,80,77,77,77
Dane Rampe,SYD,DEF,567000,58,37,60,48,67,79,66,50,0,67,66,71,66
Dan Butler,STK,FWD,460000,47,47,59,45,0,0,0,0,0,0,0,0,0
Daniel Curtin,ADE,FWD,448000,46,11,0,29,53,81,73,30,0,53,59,69,59
Daniel McStay,COLL,FWD,629000,65,40,54,56,72,63,124,42,0,72,75,86,75
Daniel Rioli,GCS,DEF,827000,85,79,80,82,113,63,78,0,0,113,85,85,85
Daniel Turner,MEL,FWD,436000,45,38,47,42,55,41,0,0,0,55,48,48,48
Dante Visentini,PTA,RUC,443000,46,46,40,66,0,0,0,0,0,0,0,0,0
Darcy Byrne-Jones,PTA,FWD,569000,59,73,61,56,24,74,78,40,0,24,54,59,54
Darcy Cameron,COLL,RUC,1017000,105,98,84,97,126,100,69,136,0,126,108,98,108
Darcy Craven,BRL,FWD,230000,24,24,0,0,0,0,0,0,0,0,0,0,0
Darcy Fogarty,ADE,FWD,631000,65,73,60,59,64,36,82,81,0,64,66,61,66
Darcy Fort,BRL,RUC,574000,59,40,45,70,77,66,0,0,0,77,72,72,72
Darcy Gardiner,BRL,FWD,369000,38,38,40,38,0,0,0,0,0,0,0,0,0
Darcy Jones,GWS,FWD,578000,59,28,0,58,123,36,44,62,0,123,66,68,66
Darcy Moore,COLL,DEF,538000,55,51,63,50,53,61,59,58,0,53,58,58,58
Darcy Parish,ESS,MID,940000,97,97,107,91,0,0,0,0,0,0,0,0,0
Darcy Tucker,NTH,DEF/MID,604000,62,51,61,70,78,76,62,12,0,78,57,72,57
Darcy Wilmot,BRL,DEF,793000,82,85,61,75,80,70,91,88,0,80,82,80,82
Darcy Wilson,STK,MID/FWD,713000,73,74,0,64,71,76,60,97,0,71,76,69,76
Darragh Joyce,BRL,DEF,433000,45,45,36,53,0,0,0,0,0,0,0,0,0
David Swallow,GCS,DEF/FWD,424000,44,44,72,41,0,0,0,0,0,0,0,0,0
Dayne Zorko,BRL,DEF,1114000,115,137,85,110,79,119,126,112,0,79,109,108,109
Deven Robertson,BRL,MID/FWD,301000,31,31,39,27,0,0,0,0,0,0,0,0,0
Dion Prestia,RI,MID,743000,76,76,76,70,0,0,0,0,0,0,0,0,0
Dom Sheed,WCE,MID,864000,89,89,90,45,0,0,0,0,0,0,0,0,0
Dougal Howard,STK,DEF,514000,53,53,53,51,0,0,0,0,0,0,0,0,0
Dylan Moore,HAW,FWD,826000,85,121,88,92,67,45,97,74,0,67,71,70,71
Dylan Shiel,ESS,MID,760000,78,73,69,80,97,61,78,0,0,97,79,79,79
Dylan Stephens,NTH,MID,434000,45,40,55,48,67,42,15,0,0,67,41,41,41
Dylan Williams,PTA,DEF,523000,54,54,60,40,0,0,0,0,0,0,0,0,0
Eamonn Armstrong,STK,DEF,230000,24,24,0,0,0,0,0,0,0,0,0,0,0
Ed Langdon,MEL,MID,806000,83,87,72,80,67,108,66,83,0,67,81,80,81
Ed Richards,WBD,MID,884000,91,97,80,85,83,89,92,95,0,83,90,88,90
Eddie Ford,NTH,FWD,551000,57,57,58,54,0,0,0,0,0,0,0,0,0
Edward Allan,COLL,MID,444000,46,42,0,25,49,0,0,0,0,49,49,49,49
Elijah Hewett,WCE,MID/FWD,369000,38,38,46,0,22,53,47,0,0,22,41,41,41
Elijah Hollands,CAR,FWD,769000,79,79,51,75,0,0,0,0,0,0,0,0,0
Elijah Tsatas,ESS,MID,601000,62,58,64,37,71,56,0,0,0,71,64,64,64
Elliott Himmelberg,GCS,FWD,506000,52,52,46,51,0,0,0,0,0,0,0,0,0
Elliot Yeo,WCE,MID,933000,96,96,70,92,0,0,0,0,0,0,0,0,0
Eric Hipwood,BRL,FWD,558000,57,73,59,62,39,49,83,27,0,39,50,57,50
Errol Gulden,SYD,MID,1113000,115,115,113,109,0,0,0,0,0,0,0,0,0
Esava Ratugolea,PTA,DEF,496000,51,57,41,50,41,54,0,0,0,41,48,48,48
Ethan Read,GCS,FWD,337000,35,13,0,21,37,46,65,0,0,37,49,49,49
Finlay Macrae,COLL,MID/FWD,468000,48,48,47,40,0,0,0,0,0,0,0,0,0
Finn Callaghan,GWS,MID,822000,85,98,76,77,79,57,92,110,0,79,85,76,85
Finn Maginness,HAW,MID/FWD,541000,56,44,43,47,77,41,64,55,0,77,59,61,59
Finn O'Sullivan,NTH,MID,376000,39,26,0,0,52,33,51,0,0,52,45,45,45
Finnbar Maley,NTH,RUC/FWD,230000,24,24,0,0,0,0,0,0,0,0,0,0,0
Francis Evans,CAR,NULL,378000,39,61,39,41,21,26,0,0,0,21,24,24,24
Geordie Payne,NTH,MID/FWD,230000,24,24,0,0,0,0,0,0,0,0,0,0,0
George Hewett,CAR,MID,979000,101,77,74,81,109,116,120,101,0,109,112,115,112
George Stevens,GEE,MID,230000,24,24,0,0,0,0,0,0,0,0,0,0,0
George Wardlaw,NTH,MID,803000,83,83,65,78,0,0,0,0,0,0,0,0,0
Griffin Logue,NTH,DEF,392000,40,33,52,50,64,20,0,0,0,64,42,42,42
Gryan Miers,GEE,FWD,895000,92,80,75,85,101,112,73,94,0,101,95,95,95
Hamish Davis,WCE,MID/FWD,230000,24,27,0,0,19,0,0,0,0,19,19,19,19
Harley Reid,WCE,MID,606000,62,68,0,66,64,61,56,44,0,64,56,60,56
Harris Andrews,BRL,DEF,611000,63,61,69,64,55,70,93,19,0,55,59,73,59
Harry Himmelberg,GWS,DEF,883000,91,74,72,80,100,106,96,81,0,100,96,101,96
Harrison Jones,ESS,FWD,574000,59,61,43,55,57,49,72,0,0,57,59,59,59
Harrison Oliver,GWS,DEF,286000,29,29,0,0,0,0,0,0,0,0,0,0,0
Harrison Petty,MEL,FWD,489000,50,79,52,51,16,53,30,76,0,16,44,33,44
Harry Armstrong,RI,FWD,307000,32,9,0,0,69,4,60,16,0,69,37,44,37
Harry Barnett,WCE,RUC,230000,24,24,9,29,0,0,0,0,0,0,0,0,0
Harry Boyd,STK,RUC,268000,28,-6,0,0,68,0,0,0,0,68,68,68,68
Harry Charleson,CAR,DEF/MID,230000,24,24,0,0,0,0,0,0,0,0,0,0,0
Harry Cunningham,SYD,DEF,539000,55,55,55,54,0,0,0,0,0,0,0,0,0
Harry Demattia,COLL,MID,230000,24,24,0,0,0,0,0,0,0,0,0,0,0
Harry Edwards,WCE,DEF,347000,36,49,34,42,31,30,20,0,0,31,27,27,27
Harry Lemmey,CAR,FWD,230000,24,24,0,0,0,0,0,0,0,0,0,0,0
Harry McKay,CAR,FWD,822000,85,100,70,82,65,0,0,0,0,65,65,65,65
Harry Morrison,HAW,MID,635000,65,58,76,56,72,61,73,70,0,72,69,69,69
Harry O'Farrell,CAR,DEF,230000,24,24,0,0,0,0,0,0,0,0,0,0,0
Harry Perryman,COLL,DEF,708000,73,79,71,75,95,43,49,90,0,95,69,62,69
Harry Rowston,GWS,MID,230000,24,24,29,0,0,0,0,0,0,0,0,0,0
Harry Schoenberg,ADE,FWD,427000,44,44,51,42,0,0,0,0,0,0,0,0,0
Harry Sharp,MEL,MID,483000,50,70,59,52,21,58,46,45,0,21,43,42,43
Harry Sheezel,NTH,DEF,1090000,112,119,97,112,125,90,102,114,0,125,108,106,108
Harvey Gallagher,WBD,MID,523000,54,80,0,53,28,35,62,63,0,28,47,42,47
Harvey Harrison,COLL,FWD,420000,43,43,40,41,0,0,0,0,0,0,0,0,0
Harvey Johnston,WCE,DEF,260000,27,27,0,28,0,0,0,0,0,0,0,0,0
Harvey Langford,MEL,MID,354000,36,21,0,0,36,75,16,0,0,36,42,42,42
Harvey Thomas,GWS,FWD,475000,49,49,0,48,0,0,0,0,0,0,0,0,0
Hayden McLean,SYD,FWD,626000,64,86,66,65,41,59,0,0,0,41,50,50,50
Hayden Young,FRE,MID,953000,98,98,89,94,0,0,0,0,0,0,0,0,0
Heath Chapman,FRE,DEF,539000,55,60,60,65,65,47,57,15,0,65,46,56,46
Henry Hustwaite,HAW,MID,526000,54,54,63,23,0,0,0,0,0,0,0,0,0
Henry Smith,BRL,FWD,315000,32,32,0,38,0,0,0,0,0,0,0,0,0
Hudson O'Keeffe,CAR,RUC,230000,24,24,0,0,0,0,0,0,0,0,0,0,0
Hugh Bond,ADE,DEF,340000,35,35,0,36,0,0,0,0,0,0,0,0,0
Hugh Boxshall,STK,MID,230000,24,24,0,0,0,0,0,0,0,0,0,0,0
Hugh Davies,FRE,DEF,230000,24,24,0,32,0,0,0,0,0,0,0,0,0
Hugh Jackson,PTA,MID,230000,24,24,0,0,0,0,0,0,0,0,0,0,0
Hugh McCluggage,BRL,MID,971000,100,66,89,97,141,121,90,60,0,141,103,117,103
Hugo Garcia,STK,MID/FWD,508000,52,34,0,45,42,110,27,59,0,42,60,60,60
Hugo Ralphsmith,RI,MID,551000,57,57,39,54,0,0,0,0,0,0,0,0,0
Hunter Clark,STK,MID,641000,66,113,68,72,45,16,0,0,0,45,31,31,31
Bobby Hill,COLL,FWD,513000,53,75,50,55,31,55,35,58,0,31,45,40,45
Iliro Smit,COLL,RUC,230000,24,24,0,0,0,0,0,0,0,0,0,0,0
Indhi Kirk,SYD,MID,230000,24,24,0,0,0,0,0,0,0,0,0,0,0
Isaac Cumming,ADE,MID,569000,59,42,68,61,97,50,28,72,0,97,62,58,62
Isaac Heeney,SYD,MID,959000,99,131,80,105,76,79,103,80,0,76,85,86,85
Isaac Kako,ESS,MID/FWD,361000,37,24,0,0,40,44,51,0,0,40,45,45,45
Isaac Keeler,STK,FWD,271000,28,31,0,0,7,37,47,0,0,7,30,30,30
Isaac Quaynor,COLL,DEF,527000,54,73,69,53,36,42,57,63,0,36,50,45,50
Isaiah Dudley,FRE,NULL,292000,30,-4,0,0,56,50,0,0,0,56,53,53,53
Ivan Soldo,PTA,RUC,711000,73,111,79,73,26,0,0,0,0,26,26,26,26
Izak Rankine,ADE,FWD,864000,89,92,74,80,69,116,70,107,0,69,91,85,91
Jack Billings,MEL,MID/FWD,632000,65,79,61,62,47,0,0,0,0,47,47,47,47
Jack Bowes,GEE,MID,689000,71,79,61,78,82,64,41,64,0,82,63,62,63
Jack Buckley,GWS,DEF,541000,56,70,57,60,35,71,48,34,0,35,47,51,47
Jack Buller,SYD,FWD,230000,24,24,19,0,0,0,0,0,0,0,0,0,0
Jack Carroll,STK,MID/FWD,411000,42,42,13,39,0,0,0,0,0,0,0,0,0
Jack Crisp,COLL,MID,838000,86,97,83,84,76,75,101,77,0,76,82,84,82
Jack Darling,NTH,FWD,566000,58,83,58,53,13,64,72,68,0,13,54,50,54
Jack Delean,FRE,FWD,230000,24,24,0,0,0,0,0,0,0,0,0,0,0
Jack Ginnivan,HAW,FWD,634000,65,106,46,73,31,44,70,55,0,31,50,48,50
Jack Graham,WCE,MID/FWD,703000,72,72,61,63,64,67,97,0,0,64,76,76,76
Jack Gunston,HAW,FWD,591000,61,45,55,56,81,59,0,0,0,81,70,70,70
Jack Henderson,MEL,NULL,371000,38,22,0,0,37,42,68,48,0,37,49,49,49
Jack Henry,GEE,DEF,659000,68,83,50,54,46,50,74,117,0,46,72,57,72
Jack Higgins,STK,FWD,631000,65,62,64,61,70,56,80,56,0,70,66,69,66
Jack Hutchinson,WCE,FWD,412000,42,19,0,36,71,0,0,0,0,71,71,71,71
Jack Lukosius,PTA,FWD,549000,56,65,72,62,46,0,0,0,0,46,23,23,23
Jack Martin,GEE,FWD,438000,45,45,54,31,0,0,0,0,0,0,0,0,0
Jack Ough,GWS,MID,235000,24,24,0,0,0,0,0,0,0,0,0,0,0
Jack Payne,BRL,DEF,511000,53,37,47,52,75,55,54,30,0,75,54,61,54
Jack Petruccelle,WCE,FWD,468000,48,70,54,48,21,0,0,0,0,21,21,21,21
Jack Ross,RI,MID,729000,75,72,72,64,78,87,38,114,0,78,79,68,79
Jack Scrimshaw,HAW,DEF,669000,69,104,67,68,13,85,0,0,0,13,49,49,49
Jack Silvagni,CAR,FWD,612000,63,40,63,0,74,75,63,93,0,74,76,71,76
Jack Sinclair,STK,DEF/MID,1055000,109,106,102,102,95,134,114,90,0,95,108,114,108
Jack Steele,STK,MID,1047000,108,121,98,107,114,77,0,0,0,114,96,96,96
Jack Viney,MEL,MID,800000,82,117,100,89,50,70,80,82,0,50,71,67,71
Jack Whitlock,PTA,FWD,244000,25,25,0,0,0,0,0,0,0,0,0,0,0
Jack Williams,WCE,FWD,488000,50,33,37,45,66,56,0,0,0,66,61,61,61
Jackson Archer,NTH,DEF,443000,46,50,33,47,39,0,0,0,0,39,39,39,39
Jack Macrae,STK,FWD,961000,99,78,92,70,84,113,153,109,0,84,115,117,115
Jackson Mead,PTA,MID/FWD,645000,66,72,36,60,54,54,98,59,0,54,66,69,66
Jacob Bauer,RI,FWD,361000,37,60,24,42,14,22,35,61,0,14,33,24,33
Jacob Blight,RI,DEF,502000,52,29,0,52,48,92,65,30,0,48,59,68,59
Jacob Hopper,RI,MID,796000,82,76,81,83,103,83,54,81,0,103,80,80,80
Jacob Konstanty,NTH,FWD,343000,35,12,0,0,55,40,34,55,0,55,46,43,46
Jacob Koschitzke,RI,FWD,484000,50,50,49,49,0,0,0,0,0,0,0,0,0
Jacob Molier,GEE,RUC,230000,24,24,0,0,0,0,0,0,0,0,0,0,0
Jacob Moss,PTA,DEF,230000,24,24,0,0,0,0,0,0,0,0,0,0,0
Jacob Van Rooyen,MEL,FWD,485000,50,67,52,59,41,34,58,29,0,41,41,44,41
Jacob Wehr,GWS,MID,501000,52,66,29,54,52,21,63,46,0,52,46,45,46
Jacob Weitering,CAR,DEF,672000,69,75,70,65,67,63,59,86,0,67,69,63,69
Jade Gresham,ESS,FWD,569000,59,37,74,55,95,55,44,0,0,95,65,65,65
Jaeger O'Meara,FRE,MID,700000,72,76,75,61,42,87,99,0,0,42,76,76,76
Jagga Smith,CAR,MID,334000,34,34,0,0,0,0,0,0,0,0,0,0,0
Jai Culley,MEL,NULL,332000,34,34,41,40,0,0,0,0,0,0,0,0,0
Jai Newcombe,HAW,MID,921000,95,87,93,85,77,142,88,76,0,77,96,102,96
Jai Serong,HAW,DEF,395000,41,41,47,37,0,0,0,0,0,0,0,0,0
Jaime Uhr-Henry,HAW,RUC,230000,24,24,0,0,0,0,0,0,0,0,0,0,0
Jake Bowey,MEL,DEF,767000,79,62,62,65,76,98,93,87,0,76,89,89,89
Jake Kolodjashnij,GEE,DEF,607000,62,62,49,59,0,0,0,0,0,0,0,0,0
Jake Lever,MEL,DEF,608000,63,62,55,56,40,93,0,0,0,40,67,67,67
Jake Lloyd,SYD,DEF/MID,819000,84,58,90,76,114,99,71,76,0,114,90,95,90
Jake Melksham,MEL,FWD,445000,46,57,49,42,36,40,0,0,0,36,38,38,38
Jake Riccardi,GWS,FWD,619000,64,55,55,60,74,0,0,0,0,74,74,74,74
Jake Rogers,GCS,FWD,365000,38,54,0,37,10,28,64,0,0,10,34,34,34
Jake Soligo,ADE,MID,943000,97,83,68,76,92,115,101,125,0,92,108,103,108
Jake Stringer,GWS,FWD,628000,65,89,62,67,42,54,0,0,0,42,48,48,48
Jake Waterman,WCE,FWD,745000,77,112,74,76,33,0,0,0,0,33,33,33,33
Jakob Ryan,COLL,DEF,230000,24,24,19,0,0,0,0,0,0,0,0,0,0
Jamarra Ugle-Hagan,WBD,FWD,640000,66,66,60,63,0,0,0,0,0,0,0,0,0
James Aish,FRE,DEF,618000,64,104,74,65,13,0,0,0,0,13,13,13,13
James Barrat,STK,DEF/FWD,247000,25,25,0,0,0,0,0,0,0,0,0,0,0
James Blanck,HAW,DEF,230000,24,24,24,0,0,0,0,0,0,0,0,0,0
James Borlase,ADE,DEF,438000,45,72,39,51,19,35,0,0,0,19,27,27,27
James Harmes,WBD,MID/FWD,677000,70,44,47,70,103,88,42,63,0,103,74,78,74
James Jordon,SYD,MID/FWD,637000,66,62,50,61,69,63,73,58,0,69,66,68,66
James Leake,GWS,DEF,248000,26,24,0,0,14,42,0,0,0,14,28,28,28
James O'Donnell,WBD,DEF,466000,48,47,35,47,45,64,32,0,0,45,47,47,47
James Peatling,ADE,MID,666000,69,37,48,61,112,79,41,72,0,112,76,77,76
James Rowbottom,SYD,MID,800000,82,88,79,84,86,78,75,65,0,86,76,80,76
James Sicily,HAW,DEF,844000,87,110,105,87,63,81,88,81,0,63,78,77,78
James Trezise,RI,DEF,609000,63,70,77,51,69,69,25,57,0,69,55,54,55
James Tunstill,BRL,MID/FWD,230000,24,24,16,24,0,0,0,0,0,0,0,0,0
James Worpel,HAW,MID,774000,80,104,86,78,49,0,0,0,0,49,49,49,49
Jamie Cripps,WCE,FWD,636000,65,80,69,71,54,68,55,51,0,54,57,59,57
Jamie Elliott,COLL,FWD,619000,64,78,67,64,49,66,55,62,0,49,58,57,58
Jaren Carr,FRE,FWD,230000,24,24,0,0,0,0,0,0,0,0,0,0,0
Jarman Impey,HAW,DEF,673000,69,103,81,78,37,65,64,52,0,37,55,55,55
Jarrod Berry,BRL,MID,899000,93,110,74,85,68,75,118,104,0,68,91,87,91
Jarrod Witts,GCS,RUC,990000,102,111,91,95,96,79,125,0,0,96,100,100,100
Jase Burgoyne,PTA,MID,823000,85,79,36,76,61,112,122,48,0,61,86,98,86
Jason Horne-Francis,PTA,MID/FWD,851000,88,77,68,90,125,74,62,82,0,125,86,87,86
Jason Johannisen,WBD,DEF,834000,86,86,74,84,0,0,0,0,0,0,0,0,0
Jaspa Fletcher,BRL,MID,620000,64,41,50,61,101,47,85,36,0,101,67,78,67
Jasper Alger,RI,FWD,230000,24,24,0,0,0,0,0,0,0,0,0,0,0
Jasper Scaife,HAW,FWD,230000,24,24,0,0,0,0,0,0,0,0,0,0,0
Jaxon Binns,CAR,MID,394000,41,41,0,39,0,0,0,0,0,0,0,0,0
Jaxon Prior,ESS,DEF,464000,48,14,43,43,72,61,62,0,0,72,65,65,65
Jay Polkinghorne,GEE,FWD,230000,24,24,0,0,0,0,0,0,0,0,0,0,0
Jayden Hunt,WCE,DEF/MID,524000,54,68,77,62,45,53,52,26,0,45,44,50,44
Jayden Laverde,ESS,DEF,655000,67,67,67,63,0,0,0,0,0,0,0,0,0
Jayden Nguyen,ESS,DEF/MID,230000,24,24,0,0,0,0,0,0,0,0,0,0,0
Jayden Short,RI,DEF,859000,88,76,93,80,97,101,85,85,0,97,92,94,92
Jed Adams,MEL,DEF,230000,24,24,0,0,0,0,0,0,0,0,0,0,0
Jed Bews,GEE,DEF,408000,42,42,40,60,0,0,0,0,0,0,0,0,0
Jed McEntee,PTA,FWD,351000,36,36,41,34,0,0,0,0,0,0,0,0,0
Jed Walter,GCS,FWD,380000,39,16,0,34,68,38,0,0,0,68,53,53,53
Jedd Busslinger,WBD,DEF,230000,24,24,0,0,0,0,0,0,0,0,0,0,0
Jeremy Cameron,GEE,FWD,786000,81,95,83,82,100,39,61,101,0,100,75,67,75
Jeremy Finlayson,PTA,FWD,604000,62,44,73,57,84,0,0,0,0,84,84,84,84
Jeremy Howe,COLL,DEF,594000,61,76,63,65,45,75,38,56,0,45,54,53,54
Jeremy McGovern,WCE,DEF,745000,77,98,70,80,67,64,61,0,0,67,64,64,64
Jeremy Sharp,FRE,MID,628000,65,86,0,72,67,31,58,61,0,67,54,52,54
Jesse Dattoli,SYD,MID/FWD,277000,29,29,0,0,0,0,0,0,0,0,0,0,0
Jesse Hogan,GWS,FWD,795000,82,62,74,77,117,68,0,0,0,117,93,93,93
Jesse Motlop,CAR,FWD,507000,52,46,50,39,46,51,87,39,0,46,56,61,56
Jhye Clark,GEE,MID,466000,48,38,36,47,62,63,20,0,0,62,48,48,48
Jimmy Webster,STK,DEF,533000,55,65,63,59,36,73,49,34,0,36,48,53,48
Jobe Shanahan,WCE,FWD,253000,26,26,0,0,0,0,0,0,0,0,0,0,0
Joe Berry,PTA,FWD,373000,38,30,0,0,28,57,49,40,0,28,44,45,44
Joe Pike,GEE,RUC,230000,24,24,0,0,0,0,0,0,0,0,0,0,0
Joe Richards,PTA,FWD,598000,62,44,0,56,72,61,85,60,0,72,70,73,70
Joel Amartey,SYD,FWD,539000,55,48,51,49,67,56,42,71,0,67,59,55,59
Joel Cochran,COLL,DEF,230000,24,24,0,0,0,0,0,0,0,0,0,0,0
Joel Freijah,WBD,DEF,686000,71,88,0,61,44,63,75,103,0,44,71,61,71
Joel Hamling,SYD,FWD,360000,37,27,44,0,35,51,44,0,0,35,43,43,43
Joel Jeffrey,GCS,DEF,624000,64,61,51,59,69,52,80,0,0,69,67,67,67
John Noble,GCS,DEF,797000,82,67,81,74,82,117,66,0,0,82,88,88,88
Jonty Faull,RI,FWD,301000,31,31,0,0,0,0,0,0,0,0,0,0,0
Jordan Boyd,CAR,DEF,578000,59,77,49,62,37,0,0,0,0,37,37,37,37
Jordan Clark,FRE,DEF,907000,93,104,76,98,92,88,83,81,0,92,86,88,86
Jordan Croft,WBD,FWD,230000,24,24,0,0,0,0,0,0,0,0,0,0,0
Jordan Dawson,ADE,MID,1113000,115,120,113,105,118,85,134,126,0,118,116,112,116
Jordan De Goey,COLL,MID,759000,78,113,87,80,41,70,0,0,0,41,56,56,56
Jordan Ridley,ESS,DEF,774000,80,118,81,88,72,26,0,0,0,72,49,49,49
Jordon Butts,ADE,DEF,431000,44,44,33,42,0,0,0,0,0,0,0,0,0
Jordon Sweet,PTA,RUC,833000,86,96,0,79,71,92,75,96,0,71,84,79,84
Josaia Delana,GWS,MID,230000,24,24,0,0,0,0,0,0,0,0,0,0,0
Joe Fonti,GWS,DEF,322000,33,33,0,38,0,0,0,0,0,0,0,0,0
Josh Battle,HAW,DEF,713000,73,91,62,75,50,75,82,57,0,50,66,69,66
Josh Daicos,COLL,MID,942000,97,103,95,93,99,85,99,88,0,99,93,94,93
Josh Dolan,WBD,FWD,242000,25,27,0,0,24,22,23,27,0,24,24,23,24
Joshua Draper,FRE,DEF,346000,36,51,0,38,30,17,32,43,0,30,31,26,31
Josh Dunkley,BRL,MID,1125000,116,118,104,107,116,110,111,130,0,116,117,112,117
Josh Fahey,GWS,DEF,242000,25,25,34,0,0,0,0,0,0,0,0,0,0
Josh Gibcus,RI,DEF,230000,24,24,0,26,0,0,0,0,0,0,0,0,0
Josh Goater,NTH,DEF,408000,42,42,55,32,0,0,0,0,0,0,0,0,0
Josh Lai,PTA,NULL,230000,24,24,0,0,0,0,0,0,0,0,0,0,0
Josh Rachele,ADE,FWD,692000,71,86,72,64,27,96,84,0,0,27,69,69,69
Josh Sinn,PTA,DEF,556000,57,45,20,54,48,69,90,50,0,48,64,69,64
Josh Smillie,RI,MID,322000,33,33,0,0,0,0,0,0,0,0,0,0,0
Josh Treacy,FRE,FWD,712000,73,58,52,76,100,65,91,28,0,100,71,85,71
Josh Ward,HAW,MID,691000,71,45,75,56,72,101,88,0,0,72,87,87,87
Josh Worrell,ADE,DEF,739000,76,90,59,70,58,65,84,96,0,58,76,69,76
Josh Kelly,GWS,MID,977000,101,113,98,96,98,79,98,118,0,98,98,92,98
Josh Weddle,HAW,DEF,580000,60,46,64,58,86,61,44,47,0,86,60,64,60
Judd McVee,MEL,DEF,605000,62,62,46,61,0,0,0,0,0,0,0,0,0
Judson Clarke,RI,FWD,297000,31,31,40,17,0,0,0,0,0,0,0,0,0
Justin McInerney,SYD,MID,772000,79,103,71,79,66,59,0,0,0,66,63,63,63
Jy Farrar,GCS,DEF,265000,27,27,37,0,0,0,0,0,0,0,0,0,0
Jy Simpkin,NTH,MID/FWD,905000,93,84,76,74,85,117,81,125,0,85,102,94,102
Jye Amiss,FRE,FWD,480000,49,49,48,54,38,75,44,30,0,38,47,52,47
Jye Caldwell,ESS,MID,1043000,107,104,75,95,100,97,146,0,0,100,114,114,114
Jye Menzie,ESS,FWD,355000,37,46,44,38,43,12,0,0,0,43,28,28,28
Kade Chandler,MEL,FWD,673000,69,76,59,60,47,61,117,54,0,47,70,75,70
Kai Lohmann,BRL,FWD,489000,50,107,32,59,14,4,0,0,0,14,9,9,9
Kaleb Smith,RI,DEF,252000,26,16,0,26,34,29,28,0,0,34,30,30,30
Kallan Dawson,NTH,DEF,399000,41,41,31,39,0,0,0,0,0,0,0,0,0
Kamdyn McIntosh,RI,MID,641000,66,49,60,48,49,100,88,70,0,49,77,79,77
Kane Farrell,PTA,DEF,816000,84,103,65,80,62,61,114,88,0,62,81,79,81
Kane McAuliffe,RI,MID,396000,41,41,0,40,0,0,0,0,0,0,0,0,0
Karl Amon,HAW,DEF,927000,95,118,87,89,60,91,111,107,0,60,92,87,92
Karl Gallagher,ADE,DEF,230000,24,24,0,0,0,0,0,0,0,0,0,0,0
Karl Worner,FRE,DEF,343000,35,33,38,36,26,44,44,0,0,26,38,38,38
Kayle Gerreyn,ESS,RUC,232000,24,24,0,0,0,0,0,0,0,0,0,0,0
Keidean Coleman,BRL,DEF,521000,54,54,70,34,0,0,0,0,0,0,0,0,0
Keighton Matofai-Forbes,GEE,FWD,230000,24,24,0,0,0,0,0,0,0,0,0,0,0
Kieran Strachan,ADE,RUC,546000,56,56,0,70,0,0,0,0,0,0,0,0,0
Kieren Briggs,GWS,RUC,782000,80,94,94,92,96,86,8,0,0,96,63,63,63
Koltyn Tholstrup,MEL,FWD,559000,58,58,0,54,0,0,0,0,0,0,0,0,0
Kyle Langford,ESS,FWD,696000,72,96,73,68,41,0,0,0,0,41,41,41,41
Kynan Brown,MEL,MID,230000,24,24,0,9,0,0,0,0,0,0,0,0,0
Kysaiah Pickett,MEL,FWD,688000,71,57,63,66,87,0,0,0,0,87,87,87,87
Lachie Jaques,WBD,DEF,256000,26,26,0,0,0,0,0,0,0,0,0,0,0
Lachie Neale,BRL,MID,933000,96,87,97,99,115,91,117,37,0,115,90,108,90
Lachlan Sullivan,COLL,MID,482000,50,45,0,47,55,0,0,0,0,55,55,55,55
Lachie Whitfield,GWS,DEF,1136000,117,103,95,110,139,120,111,99,0,139,117,123,117
Lachie Ash,GWS,DEF,872000,90,83,84,77,95,100,63,125,0,95,96,86,96
Lachlan Bramble,WBD,DEF,611000,63,77,62,70,65,60,20,77,0,65,56,48,56
Lachlan Charleson,PTA,MID/FWD,230000,24,24,0,0,0,0,0,0,0,0,0,0,0
Lachlan Cowan,CAR,DEF,545000,56,92,41,58,10,61,37,84,0,10,48,36,48
Lachie Fogarty,CAR,FWD,491000,51,52,61,51,49,59,39,46,0,49,48,49,48
Lachlan Gulbin,GCS,FWD,230000,24,24,0,0,0,0,0,0,0,0,0,0,0
Lachie Jones,PTA,DEF,424000,44,43,45,45,48,55,18,0,0,48,40,40,40
Lachlan Keeffe,GWS,RUC,467000,48,45,32,52,36,66,52,0,0,36,51,51,51
Lachlan McAndrew,ADE,NULL,302000,31,31,42,0,0,0,0,0,0,0,0,0,0
Lachlan McNeil,WBD,FWD,474000,49,50,27,54,51,56,34,37,0,51,45,47,45
Lachlan Murphy,ADE,FWD,533000,55,60,62,53,48,0,0,0,0,48,48,48,48
Lachie Schultz,COLL,FWD,742000,76,35,79,63,107,106,81,57,0,107,88,98,88
Lachlan Sholl,ADE,MID,735000,76,125,68,86,40,37,82,78,0,40,59,53,59
Lachlan Smith,WBD,RUC,230000,24,24,0,0,0,0,0,0,0,0,0,0,0
Lachie Weller,GCS,DEF,695000,72,99,84,73,52,45,81,0,0,52,59,59,59
Laitham Vandermeer,WBD,FWD,481000,50,78,53,46,13,38,53,81,0,13,46,35,46
Lance Collard,STK,FWD,323000,33,-3,0,8,55,63,33,0,0,55,50,50,50
Lawson Humphries,GEE,DEF,798000,82,55,0,76,115,76,87,91,0,115,92,93,92
Leek Aleer,GWS,DEF,412000,42,42,0,43,0,0,0,0,0,0,0,0,0
Lennox Hoffman,GEE,NULL,230000,24,24,0,0,0,0,0,0,0,0,0,0,0
Leonardo Lombard,GCS,MID,316000,33,33,0,0,0,0,0,0,0,0,0,0,0
Levi Ashcroft,BRL,MID,541000,56,19,0,0,82,58,74,84,0,82,75,71,75
Lewis Hayes,ESS,DEF,230000,24,24,0,0,0,0,0,0,0,0,0,0,0
Lewis Melican,SYD,DEF,426000,44,28,41,38,57,52,0,0,0,57,55,55,55
Lewis Young,CAR,DEF,545000,56,48,57,53,64,66,44,0,0,64,58,58,58
Liam Baker,WCE,MID/FWD,787000,81,76,70,79,86,81,92,61,0,86,80,86,80
Liam Duggan,WCE,DEF,771000,79,103,96,92,76,54,68,71,0,76,67,66,67
Liam Fawcett,RI,FWD,230000,24,24,0,0,22,0,0,0,0,22,22,22,22
Liam Henry,STK,FWD,588000,61,61,77,57,0,0,0,0,0,0,0,0,0
Liam Jones,WBD,DEF,495000,51,62,45,53,46,38,0,0,0,46,42,42,42
Liam O'Connell,STK,DEF,242000,25,31,0,0,4,38,29,0,0,4,24,24,24
Liam Reidy,FRE,RUC,398000,41,44,0,53,37,0,0,0,0,37,37,37,37
Liam Ryan,WCE,FWD,605000,62,68,72,58,43,78,0,0,0,43,61,61,61
Liam Stocker,STK,DEF,478000,49,60,71,51,52,26,0,0,0,52,39,39,39
Lincoln McCarthy,BRL,FWD,593000,61,61,55,70,0,0,0,0,0,0,0,0,0
Lloyd Johnston,GCS,FWD,437000,45,45,44,47,0,0,0,0,0,0,0,0,0
Lloyd Meek,HAW,RUC,862000,89,102,59,89,97,65,63,110,0,97,84,75,84
Loch Rawlinson,WCE,FWD,230000,24,24,0,22,0,0,0,0,0,0,0,0,0
Logan Evans,PTA,DEF,599000,62,97,0,67,23,36,108,23,0,23,48,56,48
Logan McDonald,SYD,FWD,604000,62,62,55,58,0,0,0,0,0,0,0,0,0
Logan Morris,BRL,FWD,489000,50,31,0,43,66,57,61,38,0,66,56,61,56
Logan Smith,GWS,RUC,230000,24,24,0,0,0,0,0,0,0,0,0,0,0
Luamon Lual,ESS,DEF,230000,24,24,0,0,0,0,0,0,0,0,0,0,0
Lucas Camporeale,CAR,MID,309000,32,6,0,0,30,76,0,0,0,30,53,53,53
Lucca Grego,WCE,MID,230000,24,24,0,0,0,0,0,0,0,0,0,0,0
Luke Beecken,BRL,DEF,230000,24,24,0,0,0,0,0,0,0,0,0,0,0
Luke Breust,HAW,FWD,362000,37,62,60,39,6,0,0,0,0,6,6,6,6
Luke Cleary,WBD,DEF,334000,34,35,31,43,33,0,0,0,0,33,33,33,33
Luke Davies-Uniacke,NTH,MID,894000,92,104,97,96,99,70,86,84,0,99,85,85,85
Luke Jackson,FRE,RUC/FWD,874000,90,89,85,79,74,102,104,93,0,74,93,93,93
Luke Kennedy,WBD,MID,230000,24,24,0,0,0,0,0,0,0,0,0,0,0
Luke Lloyd,BRL,FWD,230000,24,24,0,0,0,0,0,0,0,0,0,0,0
Luke McDonald,NTH,DEF,634000,65,60,75,61,72,68,57,71,0,72,67,66,67
Luke Nankervis,ADE,DEF,614000,63,103,62,64,14,0,0,0,0,14,14,14,14
Luke Parker,NTH,MID/FWD,840000,86,72,90,63,113,83,75,85,0,113,89,90,89
Luke Pedlar,ADE,FWD,490000,50,50,58,25,0,0,0,0,0,0,0,0,0
Luke Ryan,FRE,DEF,910000,94,103,99,103,109,70,90,66,0,109,84,90,84
Luke Trainor,RI,DEF,441000,45,4,0,0,74,78,33,62,0,74,62,62,62
Luke Urquhart,NTH,MID,230000,24,24,0,0,0,0,0,0,0,0,0,0,0
Luker Kentfield,MEL,FWD,230000,24,24,0,0,0,0,0,0,0,0,0,0,0
Mabior Chol,HAW,FWD,543000,56,83,49,60,21,57,61,44,0,21,46,46,46
Mac Andrew,GCS,DEF,594000,61,86,49,65,49,35,0,0,0,49,42,42,42
Malakai Champion,WCE,FWD,230000,24,24,0,0,0,0,0,0,0,0,0,0,0
Malcolm Rosas,GCS,FWD,422000,43,43,45,41,0,0,0,0,0,0,0,0,0
Marc Pittonet,CAR,RUC,701000,72,72,59,68,0,0,0,0,0,0,0,0,0
Marcus Bontempelli,WBD,MID,1101000,113,113,117,108,0,0,0,0,0,0,0,0,0
Marcus Windhager,STK,MID,736000,76,92,63,70,54,54,113,72,0,54,73,74,73
Mark Blicavs,GEE,MID,718000,74,67,81,68,77,84,68,0,0,77,76,76,76
Mark Keane,ADE,DEF,505000,52,95,51,63,32,16,26,75,0,32,37,25,37
Mark O'Connor,GEE,DEF/MID,562000,58,53,62,55,68,46,70,49,0,68,58,61,58
Marty Hore,MEL,DEF,471000,48,48,0,56,0,0,0,0,0,0,0,0,0
Mason Cox,COLL,RUC/FWD,517000,53,51,59,51,55,0,0,0,0,55,55,55,55
Mason Redman,ESS,DEF,823000,85,90,86,83,95,63,82,0,0,95,80,80,80
Mason Wood,STK,MID/FWD,863000,89,106,92,82,50,94,121,77,0,50,86,88,86
Massimo D'Ambrosio,HAW,MID,736000,76,88,42,76,63,94,45,73,0,63,69,67,69
Mate Colina,RI,RUC,230000,24,24,0,0,0,0,0,0,0,0,0,0,0
Matthew Carroll,CAR,NULL,230000,24,24,0,0,0,0,0,0,0,0,0,0,0
Matthew Cottrell,CAR,MID/FWD,556000,57,47,62,50,53,78,58,0,0,53,63,63,63
Matt Crouch,ADE,MID,1006000,104,132,89,104,55,131,89,0,0,55,92,92,92
Matt Duffy,CAR,DEF,230000,24,24,0,0,0,0,0,0,0,0,0,0,0
Matt Guelfi,ESS,FWD,583000,60,60,50,61,0,0,0,0,0,0,0,0,0
Matt Hill,HAW,DEF,230000,24,24,0,0,0,0,0,0,0,0,0,0,0
Matthew Johnson,FRE,MID,673000,69,82,57,64,44,75,68,89,0,44,69,62,69
Matthew Owies,WCE,FWD,505000,52,64,51,49,39,35,69,57,0,39,50,48,50
Matt Rowell,GCS,MID,995000,102,107,92,92,74,129,108,0,0,74,104,104,104
Matt Whitlock,NTH,DEF/FWD,268000,28,20,0,0,36,0,0,0,0,36,36,36,36
Mattaes Phillipou,STK,MID/FWD,656000,68,68,52,59,0,0,0,0,0,0,0,0,0
Matt Flynn,WCE,RUC,630000,65,58,74,61,73,0,0,0,0,73,73,73,73
Matthew Jefferson,MEL,FWD,230000,24,15,0,0,33,0,0,0,0,33,17,17,17
Matthew Kennedy,WBD,MID/FWD,825000,85,74,75,78,95,94,73,92,0,95,89,87,89
Matt Roberts,SYD,DEF,842000,87,87,31,73,78,95,81,104,0,78,90,85,90
Maurice Rioli,RI,FWD,483000,50,50,30,48,0,0,0,0,0,0,0,0,0
Max Gawn,MEL,RUC,1017000,105,137,92,112,95,84,63,127,0,95,92,81,92
Max Gruzewski,GWS,FWD,257000,26,28,0,17,1,57,0,0,0,1,29,29,29
Max Hall,STK,MID/FWD,459000,47,22,0,0,36,89,51,82,0,36,65,59,65
Max Heath,STK,RUC/FWD,230000,24,24,0,0,0,0,0,0,0,0,0,0,0
Max Holmes,GEE,DEF/MID,946000,97,114,76,94,68,119,77,106,0,68,93,88,93
Max King,STK,FWD,528000,54,54,64,51,0,0,0,0,0,0,0,0,0
Max Knobel,GCS,RUC,230000,24,24,0,0,0,0,0,0,0,0,0,0,0
Max Michalanney,ADE,DEF,594000,61,86,52,66,36,50,72,50,0,36,52,53,52
Max Ramsden,HAW,FWD,278000,29,29,31,34,0,0,0,0,0,0,0,0,0
Michael Walters,FRE,FWD,454000,47,47,49,46,0,0,0,0,0,0,0,0,0
Miles Bergman,PTA,DEF/MID,830000,85,55,60,75,113,104,86,69,0,113,93,101,93
Miller Bergman,NTH,DEF,364000,37,37,45,32,0,0,0,0,0,0,0,0,0
Michael Frederick,FRE,FWD,565000,58,41,58,49,80,62,42,76,0,80,65,61,65
Mitch Georgiades,PTA,FWD,671000,69,45,62,64,96,62,103,32,0,96,73,87,73
Mitch McGovern,CAR,DEF,607000,62,73,71,69,69,49,48,52,0,69,55,55,55
Mitch Duncan,GEE,DEF,795000,82,82,91,79,0,0,0,0,0,0,0,0,0
Mitchell Edwards,GEE,RUC,230000,24,24,0,0,0,0,0,0,0,0,0,0,0
Mitchell Hinge,ADE,DEF,828000,85,84,76,84,86,96,74,79,0,86,84,85,84
Mitch Knevitt,GEE,MID,552000,57,56,51,55,17,80,103,0,0,17,67,67,67
Mitch Lewis,HAW,FWD,605000,62,62,72,44,0,0,0,0,0,0,0,0,0
Mitch Owens,STK,FWD,596000,61,63,74,58,49,76,60,0,0,49,62,62,62
Murphy Reid,FRE,MID,462000,48,21,0,0,53,75,50,69,0,53,62,59,62
Mykelti Lefau,RI,FWD,459000,47,47,0,45,0,0,0,0,0,0,0,0,0
Nasiah Wanganeen-Milera,STK,DEF,1019000,105,112,91,98,91,112,101,113,0,91,104,101,104
Nate Caddy,ESS,FWD,518000,53,55,0,54,69,26,57,0,0,69,51,51,51
Nathan Broad,RI,DEF,590000,61,54,67,62,67,78,46,44,0,67,59,64,59
Nat Fyfe,FRE,MID,613000,63,63,49,60,0,0,0,0,0,0,0,0,0
Nathan O'Driscoll,FRE,MID,642000,66,38,57,22,65,99,79,85,0,65,82,81,82
Nathan Wardius,GWS,FWD,230000,24,24,0,0,0,0,0,0,0,0,0,0,0
Ned Bowman,SYD,FWD,265000,27,27,0,0,0,0,0,0,0,0,0,0,0
Ned Long,COLL,MID,504000,52,45,42,45,31,72,90,30,0,31,56,64,56
Ned Moyle,GCS,RUC,749000,77,77,54,78,0,0,0,0,0,0,0,0,0
Ned Reeves,HAW,RUC,512000,53,53,61,52,0,0,0,0,0,0,0,0,0
Neil Erasmus,FRE,MID/FWD,454000,47,33,56,26,61,50,0,0,0,61,56,56,56
Nic Newman,CAR,DEF,1052000,108,108,98,100,0,0,0,0,0,0,0,0,0
Nick Coffield,WBD,DEF,404000,42,42,0,42,0,0,0,0,0,0,0,0,0
Nick Holman,GCS,MID/FWD,499000,51,62,57,49,30,61,0,0,0,30,46,46,46
Nic Martin,ESS,DEF,1002000,103,145,85,107,73,72,106,0,0,73,84,84,84
Nick Blakey,SYD,DEF,831000,86,105,71,79,60,86,86,90,0,60,81,77,81
Nick Bryan,ESS,RUC,665000,68,62,55,69,67,72,81,0,0,67,73,73,73
Nick Daicos,COLL,MID,989000,102,113,109,102,76,136,95,60,0,76,92,102,92
Nick Haynes,CAR,DEF,640000,66,73,66,75,54,89,35,67,0,54,61,59,61
Nick Larkey,NTH,FWD,597000,61,65,60,57,45,74,64,65,0,45,62,61,62
Nicholas Madden,GWS,RUC,230000,24,24,0,0,0,0,0,0,0,0,0,0,0
Nick Murray,ADE,DEF,480000,49,37,40,54,56,61,0,0,0,56,59,59,59
Nick Vlastuin,RI,DEF,734000,76,97,81,80,74,54,53,85,0,74,67,60,67
Nick Watson,HAW,FWD,570000,59,27,0,54,90,77,69,11,0,90,62,79,62
Nik Cox,ESS,MID,543000,56,56,44,53,0,0,0,0,0,0,0,0,0
Noah Anderson,GCS,MID,1072000,110,118,101,103,92,117,117,0,0,92,109,109,109
Noah Answerth,BRL,DEF,559000,58,56,38,54,48,67,64,58,0,48,59,60,59
Noah Balta,RI,DEF/FWD,624000,64,64,65,62,0,0,0,0,0,0,0,0,0
Noah Long,WCE,FWD,330000,34,54,46,44,13,38,29,15,0,13,24,27,24
Noah Mraz,HAW,DEF,238000,24,24,0,0,0,0,0,0,0,0,0,0,0
Odin Jones,FRE,RUC,230000,24,24,0,0,0,0,0,0,0,0,0,0,0
Oisin Mullin,GEE,DEF,416000,43,16,31,39,81,52,19,42,0,81,49,51,49
Oleg Markov,COLL,DEF,469000,48,48,49,46,0,0,0,0,0,0,0,0,0
Oliver Florent,SYD,DEF,692000,71,76,71,76,91,45,65,56,0,91,64,67,64
Oliver Hannaford,GWS,MID/FWD,289000,30,30,0,0,0,0,0,0,0,0,0,0,0
Oliver Hayes-Brown,RI,RUC,230000,24,24,0,0,0,0,0,0,0,0,0,0,0
Oliver Henry,GEE,FWD,466000,48,55,56,43,40,43,48,56,0,40,47,44,47
Oliver Hollands,CAR,MID,624000,64,58,58,61,87,52,48,72,0,87,65,62,65
Oliver Sestan,MEL,FWD,230000,24,24,0,0,0,0,0,0,0,0,0,0,0
Oliver Wiltshire,GEE,MID/FWD,230000,24,24,0,0,0,0,0,0,0,0,0,0,0
Ollie Wines,PTA,MID,929000,96,106,78,90,78,100,98,97,0,78,93,92,93
Oliver Dempsey,GEE,MID,704000,72,69,33,72,103,46,55,81,0,103,71,68,71
Ollie Lord,PTA,FWD,334000,34,16,35,34,56,0,0,0,0,56,56,56,56
Ollie Murphy,FRE,DEF,230000,24,24,0,0,0,0,0,0,0,0,0,0,0
Orazio Fantasia,CAR,FWD,361000,37,37,38,35,0,0,0,0,0,0,0,0,0
Oscar Allen,WCE,FWD,499000,51,68,64,59,52,30,36,59,0,52,44,39,44
Oscar McDonald,FRE,DEF,285000,29,29,0,38,0,0,0,0,0,0,0,0,0
Oscar McInerney,BRL,RUC,858000,88,96,83,85,82,86,85,0,0,82,84,84,84
Oscar Ryan,ADE,DEF,230000,24,24,0,0,0,0,0,0,0,0,0,0,0
Oscar Steene,COLL,RUC/FWD,230000,24,24,0,0,0,0,0,0,0,0,0,0,0
Oskar Baker,WBD,MID,498000,51,36,60,56,84,59,11,0,0,84,51,51,51
Paddy Dow,STK,MID,649000,67,67,57,63,0,0,0,0,0,0,0,0,0
Patrick Cripps,CAR,MID,919000,95,138,88,99,53,80,88,102,0,53,81,74,81
Patrick Dangerfield,GEE,MID,739000,76,70,80,77,94,84,52,59,0,94,72,77,72
Patrick Lipinski,COLL,MID/FWD,700000,72,76,70,66,67,61,97,53,0,67,70,75,70
Patrick Retschko,GEE,MID,230000,24,24,0,0,0,0,0,0,0,0,0,0,0
Patrick Said,STK,MID/FWD,230000,24,24,0,0,0,0,0,0,0,0,0,0,0
Patrick Snell,SYD,DEF/FWD,230000,24,24,0,0,0,0,0,0,0,0,0,0,0
Patrick Voss,FRE,FWD,460000,47,31,0,41,47,63,64,0,0,47,58,58,58
Paul Curtis,NTH,FWD,690000,71,52,44,57,88,53,110,71,0,88,81,84,81
Peter Ladhams,SYD,RUC/FWD,569000,59,55,76,37,64,56,0,0,0,64,60,60,60
Peter Wright,ESS,FWD,661000,68,68,58,64,0,0,0,0,0,0,0,0,0
Phoenix Gothard,GWS,FWD,230000,24,24,0,0,0,0,0,0,0,0,0,0,0
Quinton Narkle,FRE,FWD,381000,39,39,45,37,0,0,0,0,0,0,0,0,0
Reece Torrent,BRL,MID,230000,24,24,0,0,0,0,0,0,0,0,0,0,0
Reef McInnes,COLL,FWD,352000,36,13,21,33,54,49,0,0,0,54,34,34,34
Reilly O'Brien,ADE,RUC,860000,89,121,88,91,54,88,74,98,0,54,79,72,79
Reuben Ginbey,WCE,MID,596000,61,68,58,62,62,48,58,68,0,62,59,56,59
Rhett Bazzo,WCE,DEF,230000,24,24,30,0,0,0,0,0,0,0,0,0,0
Rhyan Mansell,RI,FWD,557000,57,63,41,56,36,86,42,0,0,36,55,55,55
Rhylee West,WBD,FWD,545000,56,67,52,60,64,42,26,72,0,64,51,44,51
Rhys Stanley,GEE,RUC,677000,70,63,71,61,78,0,0,0,0,78,78,78,78
Rhys Unwin,ESS,MID,230000,24,24,0,0,0,0,0,0,0,0,0,0,0
Riak Andrew,SYD,DEF,230000,24,24,0,0,0,0,0,0,0,0,0,0,0
Ricky Mentha,MEL,DEF/FWD,230000,24,24,0,0,0,0,0,0,0,0,0,0,0
Riley Bice,SYD,DEF,387000,40,-42,0,0,125,64,35,0,0,125,75,75,75
Riley Garcia,WBD,FWD,645000,66,66,37,63,0,0,0,0,0,0,0,0,0
Riley Hardeman,NTH,DEF,339000,35,43,0,43,24,0,0,0,0,24,24,24,24
Riley Thilthorpe,ADE,FWD,779000,80,44,53,62,105,98,91,82,0,105,94,98,94
River Stevens,NTH,MID/FWD,230000,24,24,0,0,0,0,0,0,0,0,0,0,0
Rob Monahan,CAR,FWD,230000,24,24,0,0,0,0,0,0,0,0,0,0,0
Robbie Fox,SYD,DEF/FWD,510000,52,52,55,52,0,0,0,0,0,0,0,0,0
Robert Hansen,NTH,NULL,340000,35,32,19,32,35,28,50,39,0,35,38,38,38
Rory Atkins,PTA,DEF,606000,62,62,75,42,0,0,0,0,0,0,0,0,0
Rory Laird,ADE,MID,958000,99,129,109,100,60,108,83,107,0,60,90,84,90
Rory Lobb,WBD,DEF,581000,60,66,58,67,63,52,62,35,0,63,53,59,53
Rowan Marshall,STK,RUC,1098000,113,136,116,117,75,123,142,64,0,75,101,113,101
Ryan Angwin,GWS,MID,471000,48,48,39,56,0,0,0,0,0,0,0,0,0
Ryan Burton,PTA,DEF,638000,66,77,64,64,67,45,0,0,0,67,56,56,56
Ryan Byrnes,STK,MID,679000,70,63,62,66,79,72,69,62,0,79,71,73,71
Ryan Gardner,WBD,DEF,279000,29,29,39,0,0,0,0,0,0,0,0,0,0
Ryan Lester,BRL,DEF,645000,66,92,63,65,26,62,94,57,0,26,60,61,60
Ryan Maric,WCE,MID/FWD,550000,57,14,49,40,73,101,74,31,0,73,70,83,70
Ryley Sanders,WBD,MID/FWD,695000,72,55,0,64,92,73,69,72,0,92,77,78,77
Saad El-Hawli,ESS,MID/FWD,230000,24,28,0,0,17,0,0,0,0,17,17,17,17
Sam Banks,RI,MID,456000,47,42,52,44,60,25,64,0,0,60,50,50,50
Sam Berry,ADE,MID,604000,62,62,49,58,0,0,0,0,0,0,0,0,0
Sam Butler,HAW,FWD,364000,37,37,47,27,0,0,0,0,0,0,0,0,0
Sam Clohesy,GCS,MID,621000,64,84,0,66,28,99,33,0,0,28,53,53,53
Sam Darcy,WBD,FWD,852000,88,48,20,77,128,99,100,65,0,128,98,109,98
Sam Davidson,WBD,FWD,499000,51,-9,0,0,65,125,60,53,0,65,76,83,76
Sam Day,BRL,FWD,511000,53,51,35,63,68,41,41,0,0,68,50,50,50
Sam De Koning,GEE,DEF,722000,74,62,48,55,84,66,72,124,0,84,87,74,87
Sam Docherty,CAR,MID,750000,77,58,104,48,111,76,70,56,0,111,78,86,78
Sam Draper,ESS,RUC,702000,72,79,67,69,59,67,88,0,0,59,71,71,71
Sam Durham,ESS,MID,802000,83,89,63,83,95,60,75,0,0,95,77,77,77
Sam Flanders,GCS,DEF/MID,1053000,108,128,90,108,99,89,0,0,0,99,94,94,94
Sam Frost,HAW,DEF,324000,33,62,50,38,17,6,0,0,0,17,12,12,12
Sam Lalor,RI,MID,498000,51,11,0,0,95,46,62,68,0,95,68,68,68
Sam Marshall,BRL,MID,268000,28,28,0,0,0,0,0,0,0,0,0,0,0
Sam Powell-Pepper,PTA,FWD,562000,58,31,61,57,75,68,90,27,0,75,65,78,65
Sam Sturt,FRE,FWD,496000,51,51,43,48,0,0,0,0,0,0,0,0,0
Sam Switkowski,FRE,FWD,668000,69,104,63,68,25,0,0,0,0,25,25,25,25
Sam Taylor,GWS,DEF,609000,63,81,56,50,35,60,47,118,0,35,65,47,65
Sam Walsh,CAR,MID,1007000,104,97,95,105,137,80,99,84,0,137,100,105,100
Sam Wicks,SYD,FWD,465000,48,44,57,38,51,44,43,74,0,51,53,46,53
Samson Ryan,RI,RUC/FWD,450000,46,46,47,36,0,0,0,0,0,0,0,0,0
Sam Collins,GCS,DEF,529000,54,71,54,54,32,52,61,0,0,32,48,48,48
Sandy Brock,WCE,NULL,257000,26,1,0,0,57,0,0,0,0,57,57,57,57
Scott Pendlebury,COLL,MID,689000,71,68,88,79,100,68,30,56,0,100,64,66,64
Seamus Mitchell,HAW,DEF,357000,37,37,63,35,0,0,0,0,0,0,0,0,0
Sean Darcy,FRE,RUC,798000,82,82,95,78,0,0,0,0,0,0,0,0,0
Sean Lemmens,GCS,DEF,424000,44,44,42,41,0,0,0,0,0,0,0,0,0
Seth Campbell,RI,FWD,551000,57,52,0,50,52,69,58,59,0,52,60,60,60
Shadeau Brain,BRL,DEF,373000,38,38,0,37,0,0,0,0,0,0,0,0,0
Shai Bolton,FRE,MID/FWD,675000,69,83,87,74,68,64,46,0,0,68,59,59,59
Shane McAdam,MEL,FWD,484000,50,50,60,44,0,0,0,0,0,0,0,0,0
Shannon Neale,GEE,FWD,526000,54,71,48,55,49,30,57,57,0,49,48,45,48
Shaun Mannagh,GEE,FWD,754000,78,69,0,69,88,0,0,0,0,88,88,88,88
Sid Draper,ADE,MID,375000,39,22,0,0,54,46,38,37,0,54,44,46,44
Steele Sidebottom,COLL,MID,805000,83,70,79,72,91,84,106,62,0,91,86,94,86
Steely Green,RI,FWD,389000,40,24,0,39,60,42,36,41,0,60,45,46,45
Stephen Coniglio,GWS,MID,691000,71,103,102,80,47,71,41,0,0,47,53,53,53
Steven May,MEL,DEF,765000,79,69,69,76,106,58,0,0,0,106,82,82,82
Taj Hotton,RI,MID/FWD,307000,32,32,0,0,0,0,0,0,0,0,0,0,0
Taj Woewodin,MEL,DEF,335000,34,35,39,32,33,0,0,0,0,33,33,33,33
Tanner Bruhn,GEE,MID,723000,74,74,71,69,0,0,0,0,0,0,0,0,0
Taylor Adams,SYD,MID/FWD,665000,68,98,77,67,32,0,0,0,0,32,32,32,32
Taylor Duryea,WBD,DEF,565000,58,86,51,61,41,35,0,0,0,41,38,38,38
Taylor Goad,NTH,RUC,230000,24,24,0,0,0,0,0,0,0,0,0,0,0
Taylor Walker,ADE,FWD,679000,70,48,80,63,85,85,82,49,0,85,75,84,75
Ted Clohesy,GEE,MID/FWD,399000,41,19,18,34,40,44,91,0,0,40,58,58,58
Tew Jiath,COLL,DEF,230000,24,24,0,27,0,0,0,0,0,0,0,0,0
Tom Anastasopoulos,PTA,FWD,230000,24,24,0,0,0,0,0,0,0,0,0,0,0
Thomas Berry,GCS,FWD,505000,52,52,33,49,0,0,0,0,0,0,0,0,0
Tom Liberatore,WBD,MID,1018000,105,87,103,88,96,142,109,108,0,96,114,116,114
Tom Lynch,RI,NULL,432000,44,50,52,41,36,41,51,0,0,36,43,43,43
Thomas Sims,RI,RUC/FWD,259000,27,27,0,0,0,0,0,0,0,0,0,0,0
Tom Stewart,GEE,DEF,805000,83,102,96,91,108,9,95,0,0,108,71,71,71
Thomson Dow,RI,MID,638000,66,51,55,52,78,68,59,95,0,78,75,68,75
Tim Kelly,WCE,MID,773000,80,119,99,87,38,60,102,63,0,38,66,67,66
Tim Membrey,COLL,FWD,600000,62,81,54,63,40,39,106,32,0,40,54,62,54
Tim Taranto,RI,MID,896000,92,99,112,92,102,84,70,89,0,102,86,85,86
Tim English,WBD,RUC,992000,102,101,119,105,114,99,101,73,0,114,97,105,97
Tobie Travaglia,STK,DEF/MID,371000,38,15,0,0,48,63,0,0,0,48,56,56,56
Toby Bedford,GWS,MID/FWD,643000,66,50,64,58,69,96,56,62,0,69,71,74,71
Toby Conway,GEE,RUC,656000,68,68,48,75,0,0,0,0,0,0,0,0,0
Toby Greene,GWS,FWD,860000,89,57,88,73,123,81,112,82,0,123,100,105,100
Toby McMullin,GWS,FWD,427000,44,44,26,40,0,0,0,0,0,0,0,0,0
Toby Murray,ADE,FWD,230000,24,24,0,0,0,0,0,0,0,0,0,0,0
Toby Nankervis,RI,RUC,979000,101,120,102,101,90,97,69,123,0,90,95,85,95
Toby Pink,NTH,FWD,401000,41,13,0,32,56,68,0,0,0,56,62,62,62
Todd Goldstein,ESS,RUC,614000,63,63,73,60,0,0,0,0,0,0,0,0,0
Todd Marshall,PTA,FWD,550000,57,57,64,54,0,0,0,0,0,0,0,0,0
Tom Atkins,GEE,MID,801000,82,70,80,70,86,88,98,80,0,86,88,91,88
Tom Barrass,HAW,DEF,522000,54,76,54,59,34,47,54,41,0,34,44,45,44
Tom Brown,RI,DEF,537000,55,52,62,49,45,75,53,55,0,45,57,58,57
Tom Campbell,MEL,RUC,316000,33,33,0,41,0,0,0,0,0,0,0,0,0
Tom Cochrane,PTA,MID,230000,24,32,0,0,13,0,0,0,0,13,13,13,13
Tom Cole,WCE,DEF,613000,63,94,66,64,36,49,49,89,0,36,56,45,56
Tom De Koning,CAR,RUC,1026000,106,104,66,88,82,130,107,132,0,82,113,106,113
Tom Doedee,BRL,DEF,399000,41,41,56,0,0,0,0,0,0,0,0,0,0
Thomas Edwards,ESS,NULL,275000,28,15,0,0,22,58,0,0,0,22,40,40,40
Tom Fullarton,MEL,FWD,278000,29,29,0,0,0,0,0,0,0,0,0,0,0
Tom Green,GWS,MID,1015000,104,99,111,100,121,91,104,0,0,121,105,105,105
Tom Gross,WCE,MID,261000,27,-2,0,0,62,0,0,0,0,62,62,62,62
Tom Hanily,SYD,MID,329000,34,5,0,0,65,25,57,30,0,65,44,49,44
Tom McCartin,SYD,DEF,524000,54,45,46,45,58,54,69,51,0,58,58,60,58
Tom McDonald,MEL,DEF,630000,65,54,53,62,88,65,43,67,0,88,66,65,66
Tom Mitchell,COLL,MID,829000,85,85,92,78,0,0,0,0,0,0,0,0,0
Tom Papley,SYD,FWD,586000,60,86,66,68,69,19,41,0,0,69,43,43,43
Tom Powell,NTH,MID,884000,91,93,57,81,92,72,98,121,0,92,96,87,96
Tom Sparrow,MEL,MID,688000,71,99,67,65,29,68,76,96,0,29,67,58,67
Touk Miller,GCS,MID,961000,99,101,96,93,87,114,95,0,0,87,99,99,99
Travis Boak,PTA,MID,834000,86,80,62,76,82,81,115,0,0,82,93,93,93
Trent Rivers,MEL,DEF/MID,755000,78,114,76,82,31,91,59,83,0,31,66,60,66
Tristan Xerri,NTH,RUC,1051000,108,155,66,115,78,77,90,129,0,78,94,82,94
Ty Gallop,BRL,FWD,230000,24,24,0,0,0,0,0,0,0,0,0,0,0
Tylar Young,RI,DEF,389000,40,40,37,39,0,0,0,0,0,0,0,0,0
Tyler Brockman,WCE,FWD,364000,37,46,51,35,27,32,42,43,0,27,36,34,36
Tyler Sonsie,RI,FWD,422000,43,47,36,45,45,44,28,0,0,45,39,39,39
Tyler Welsh,ADE,FWD,230000,24,24,0,0,0,0,0,0,0,0,0,0,0
Tyrell Dewar,WCE,FWD,479000,49,25,0,31,53,59,89,46,0,53,62,67,62
Tyson Stengle,GEE,FWD,621000,64,88,54,64,43,40,80,67,0,43,58,54,58
Vigo Visentini,ESS,RUC,230000,24,24,0,0,0,0,0,0,0,0,0,0,0
Wade Derksen,GWS,FWD,230000,24,24,0,0,0,0,0,0,0,0,0,0,0
Wayne Milera,ADE,DEF,568000,58,58,71,62,68,37,78,48,0,68,58,61,58
Wil Parker,COLL,DEF,317000,33,33,0,25,0,0,0,0,0,0,0,0,0
Wil Powell,GCS,DEF,657000,68,99,82,76,58,32,61,0,0,58,50,50,50
Will Ashcroft,BRL,MID,870000,90,66,83,78,105,115,90,66,0,105,94,103,94
Will Brodie,FRE,MID,481000,50,50,67,0,0,0,0,0,0,0,0,0,0
Wil Dawson,NTH,DEF,230000,24,24,0,37,0,0,0,0,0,0,0,0,0
Will Day,HAW,MID,844000,87,92,95,74,83,75,77,129,0,83,91,78,91
William Edwards,SYD,DEF,230000,24,24,0,0,0,0,0,0,0,0,0,0,0
Will Graham,GCS,MID,607000,62,65,0,57,52,70,64,0,0,52,62,62,62
William Green,SYD,RUC,230000,24,24,0,0,0,0,0,0,0,0,0,0,0
William Hayes,COLL,NULL,230000,24,24,0,0,0,0,0,0,0,0,0,0,0
Will Hayward,SYD,FWD,594000,61,53,63,67,95,44,51,37,0,95,57,63,57
Will Hoskin-Elliott,COLL,FWD,592000,61,73,55,59,45,0,0,0,0,45,45,45,45
Will Lorenz,PTA,MID,230000,24,24,0,25,0,0,0,0,0,0,0,0,0
Will McLachlan,BRL,FWD,253000,26,25,0,0,9,50,0,0,0,9,30,30,30
Will Phillips,NTH,MID,549000,56,76,67,58,42,52,44,0,0,42,46,46,46
Will Setterfield,ESS,MID,833000,86,86,92,99,0,0,0,0,0,0,0,0,0
Will Verrall,MEL,RUC,230000,24,24,0,0,0,0,0,0,0,0,0,0,0
Will White,CAR,NULL,247000,25,9,0,0,45,0,0,0,0,45,45,45,45
Willem Drew,PTA,MID,785000,81,106,77,86,62,54,108,58,0,62,71,75,71
William McCabe,HAW,DEF,230000,24,24,0,0,0,0,0,0,0,0,0,0,0
Willie Rioli,PTA,FWD,554000,57,70,55,57,33,49,89,48,0,33,55,57,55
Xavier Duursma,ESS,MID,837000,86,82,66,82,112,47,103,0,0,112,87,87,87
Xavier Ivisic,GEE,MID,230000,24,24,0,0,0,0,0,0,0,0,0,0,0
Xavier Lindsay,MEL,MID,459000,47,36,0,0,12,80,94,0,0,12,62,62,62
Xavier O'Halloran,GWS,MID/FWD,469000,48,75,61,49,25,24,55,67,0,25,43,35,43
Xavier Walsh,PTA,FWD,230000,24,24,0,0,0,0,0,0,0,0,0,0,0
Zac Bailey,BRL,MID/FWD,727000,75,69,72,69,73,88,76,68,0,73,76,79,76
Zac Fisher,NTH,DEF,846000,87,87,69,83,0,0,0,0,0,0,0,0,0
Zac Taylor,ADE,MID/FWD,427000,44,44,0,40,0,0,0,0,0,0,0,0,0
Zach Guthrie,GEE,DEF,835000,86,48,70,74,149,67,79,93,0,149,97,98,97
Zach Reid,ESS,DEF,381000,39,-14,0,17,83,51,63,0,0,83,66,66,66
Zach Merrett,ESS,MID,1114000,115,114,113,107,108,138,96,0,0,108,114,114,114
Zac Williams,CAR,DEF/FWD,534000,55,57,0,61,83,20,47,49,0,83,50,50,50
Zaine Cordy,STK,DEF,367000,38,47,39,36,26,0,0,0,0,26,26,26,26
Zak Butters,PTA,MID,1069000,110,123,99,107,94,0,0,0,0,94,94,94,94
Zak Evans,GCS,MID,230000,24,24,0,0,0,0,0,0,0,0,0,0,0
Zak Johnson,ESS,MID,230000,24,24,0,0,0,0,0,0,0,0,0,0,0
Zak Jones,STK,MID,614000,63,71,55,57,30,71,111,34,0,30,62,71,62
Zane Duursma,NTH,FWD,373000,38,38,0,36,0,0,0,0,0,0,0,0,0
Zane Zakostelsky,BRL,DEF/RUC,230000,24,24,0,0,0,0,0,0,0,0,0,0,0