"Name","Team","Position","Price","PricedAt","Breakeven","Avg2023","Avg2024","L01","L02","L03","L04","L05","LastScore","SeasonAvg","Last3Avg","Last5Avg"
"Aaron Cadman","GWS","FWD",255300,51,47,23,47,55,51,60,20,0,55,47,55,47
"Aaron Francis","SYD","DEF",213800,43,43,52,53,0,0,0,0,0,0,0,0,0
"Aaron Naughton","WBD","FWD",339600,68,92,75,72,59,53,43,103,0,59,65,52,65
"Adam Cerra","CAR","MID",482800,97,93,108,83,99,98,113,106,0,99,104,103,104
"Adam Saad","CAR","DEF",422900,85,73,90,85,109,72,47,91,0,109,80,76,80
"Adam Treloar","WBD","MID",628200,126,126,108,118,0,0,0,0,0,0,0,0,0
"Aidan Corr","NTH","DEF",365500,73,62,69,64,81,76,71,89,0,81,79,76,79
"Aidan Johnson","MEL","FWD",113500,23,-23,0,0,31,60,0,0,0,31,46,46,46
"Aiden Riddle","FRE","RUC",99100,20,20,0,0,0,0,0,0,0,0,0,0,0
"Alex Cincotta","CAR","DEF",263700,53,53,55,49,0,0,0,0,0,0,0,0,0
"Alex Davies","GCS","MID",333200,67,67,58,71,0,0,0,0,0,0,0,0,0
"Alex Dodson","STK","RUC",113500,23,23,0,0,0,0,0,0,0,0,0,0,0
"Alex Neal-Bullen","ADE","MID/FWD",419500,84,115,72,86,63,74,78,81,0,63,74,72,74
"Alex Pearce","FRE","DEF",364100,73,89,59,68,67,63,78,82,0,67,73,69,73
"Alex Sexton","GCS","DEF",402000,80,112,24,75,18,0,0,0,0,18,18,18,18
"Aliir Aliir","PTA","DEF",394600,79,84,75,76,84,69,77,78,0,84,77,77,77
"Alixzander Tauru","STK","DEF/FWD",163000,33,33,0,0,0,0,0,0,0,0,0,0,0
"NA Davey","ESS",NULL,146600,29,29,37,27,0,0,0,0,0,0,0,0,0
"Andrew Brayshaw","FRE","MID",595200,119,91,109,109,135,131,106,101,0,135,118,124,118
"Andrew McGrath","ESS","DEF",456100,91,174,87,94,34,66,74,0,0,34,58,58,58
"Andy Moniz-Wakefield","MEL","DEF",260300,52,52,0,54,0,0,0,0,0,0,0,0,0
"Angus Clarke","ESS","DEF",113500,23,23,0,0,0,0,0,0,0,0,0,0,0
"Angus Hastie","STK","MID",137600,28,24,0,20,38,21,53,0,0,38,37,37,37
"Angus McLennan","STK","DEF",169700,34,34,0,53,0,0,0,0,0,0,0,0,0
"Angus Sheldrick","SYD","MID",148600,30,54,60,0,21,14,32,0,0,21,22,22,22
"Anthony Caminiti","STK","FWD",340400,68,34,52,54,75,95,78,56,0,75,76,83,76
"Anthony Scott","WBD","MID/FWD",138500,28,28,51,29,0,0,0,0,0,0,0,0,0
"Archer Day-Wicks","ESS","MID/FWD",99100,20,20,0,0,0,0,0,0,0,0,0,0,0
"Archer Reid","WCE","RUC/FWD",179000,36,-40,0,0,61,86,9,44,0,61,50,52,50
"Archie Perkins","ESS","MID",348100,70,77,66,65,53,79,0,0,0,53,66,66,66
"Archie Roberts","ESS","DEF/MID",344300,69,57,0,75,98,52,64,0,0,98,71,71,71
"Arie Schoenmaker","STK","DEF",270500,54,48,0,63,66,0,0,0,0,66,66,66,66
"Arthur Jones","WBD","FWD",150900,30,57,34,0,24,10,0,0,0,24,17,17,17
"Ash Johnson","COLL","FWD",134000,27,27,50,18,0,0,0,0,0,0,0,0,0
"Asher Eastham","GCS","FWD",99100,20,20,0,0,0,0,0,0,0,0,0,0,0
"Ashton Moir","CAR","FWD",119900,24,35,0,19,1,0,0,0,0,1,1,1,1
"Bailey Banfield","FRE","FWD",335200,67,28,56,63,64,109,34,45,0,64,63,69,63
"Bailey Dale","WBD","DEF",546600,109,137,91,97,110,81,141,127,0,110,115,111,115
"Bailey Humphrey","GCS","FWD",322000,64,18,59,51,64,111,104,0,0,64,93,93,93
"Bailey Laurie","MEL","MID/FWD",152800,31,31,28,32,0,0,0,0,0,0,0,0,0
"Bailey Macdonald","HAW","DEF",119900,24,24,45,0,0,0,0,0,0,0,0,0,0
"Bailey Scott","NTH","MID",357000,71,141,76,75,26,47,81,98,0,26,63,51,63
"Bailey Smith","GEE","MID/FWD",434500,87,72,80,0,108,81,147,0,0,108,112,112,112
"Bailey Williams","WBD","MID",404000,81,77,70,76,62,104,73,49,0,62,72,80,72
"Bailey J. Williams","WCE","RUC",350500,70,64,77,67,53,93,32,0,0,53,59,59,59
"Bayley Fritsch","MEL","FWD",270300,54,37,71,56,70,55,24,59,0,70,52,50,52
"Beau McCreery","COLL","FWD",285700,57,59,54,54,48,65,46,58,0,48,54,53,54
"Ben Ainsworth","GCS","FWD",355600,71,83,76,66,74,56,0,0,0,74,65,65,65
"Ben Camporeale","CAR","MID",113500,23,23,0,0,0,0,0,0,0,0,0,0,0
"Ben Hobbs","ESS","FWD",271200,54,48,74,51,71,44,60,0,0,71,58,58,58
"Ben Jepson","GCS",NULL,99100,20,20,0,0,0,0,0,0,0,0,0,0,0
"Ben Keays","ADE","FWD",475300,95,109,81,80,72,104,135,72,0,72,96,104,96
"Ben King","GCS","FWD",344900,69,71,57,60,51,85,115,0,0,51,84,84,84
"Ben Long","GCS","FWD",339700,68,61,50,58,56,87,96,0,0,56,80,80,80
"Ben McKay","ESS","DEF",323700,65,107,63,69,39,48,36,0,0,39,41,41,41
"Ben Miller","RI","DEF",378800,76,96,59,74,79,52,77,99,0,79,77,69,77
"Ben Paton","SYD","DEF/FWD",133400,27,-30,49,28,43,67,0,0,0,43,55,55,55
"Benny Barrett","PTA","MID",99100,20,20,0,0,0,0,0,0,0,0,0,0,0
"Billy Dowling","ADE","MID",359800,72,72,0,67,0,0,0,0,0,0,0,0,0
"Billy Frampton","COLL","DEF",276000,55,55,59,51,56,0,0,0,0,56,56,56,56
"Billy Wilson","CAR","DEF/MID",119900,24,24,0,0,0,0,0,0,0,0,0,0,0
"Blake Acres","CAR","MID",386900,77,84,88,92,123,25,29,60,0,123,59,59,59
"Blake Hardwick","HAW","DEF",426500,85,50,86,75,114,92,77,64,0,114,87,94,87
"Blake Howes","MEL","DEF",290000,58,72,0,59,49,53,32,0,0,49,45,45,45
"Blake Leidler","SYD","DEF",99100,20,20,0,0,0,0,0,0,0,0,0,0,0
"Bo Allan","WCE","DEF/MID",136000,27,27,0,0,0,0,0,0,0,0,0,0,0
"Bodhi Uwland","GCS","DEF",375600,75,89,31,72,65,72,59,0,0,65,65,65,65
"Bodie Ryan","HAW","DEF",119900,24,24,0,0,0,0,0,0,0,0,0,0,0
"Brad Close","GEE","FWD",318800,64,62,67,62,82,47,57,76,0,82,66,62,66
"Bradley Hill","STK","MID/FWD",376600,75,27,68,73,100,99,52,18,0,100,67,84,67
"Brady Hough","WCE","DEF",310100,62,98,63,65,40,48,63,75,0,40,57,50,57
"Braeden Campbell","SYD","MID",307500,62,57,69,49,74,54,89,49,0,74,67,72,67
"Brandon Ryan","BRL","FWD",119900,24,24,34,23,0,0,0,0,0,0,0,0,0
"Brandon Starcevich","BRL","DEF",297300,59,57,54,55,64,0,0,0,0,64,64,64,64
"Brandon Walker","FRE","DEF",329300,66,108,46,61,19,71,0,0,0,19,45,45,45
"Brandon Zerk-Thatcher","PTA","DEF",345300,69,69,67,64,0,0,0,0,0,0,0,0,0
"Brayden Cook","ADE","FWD",265500,53,53,70,49,0,0,0,0,0,0,0,0,0
"Brayden Fiorini","GCS","MID",393800,79,79,65,73,0,0,0,0,0,0,0,0,0
"Brayden George","NTH","FWD",119900,24,24,0,0,0,0,0,0,0,0,0,0,0
"Brayden Maynard","COLL","DEF",412800,83,80,80,79,99,69,87,53,0,99,77,85,77
"Brennan Cox","FRE","DEF",319600,64,72,88,65,80,40,69,32,0,80,55,63,55
"Brent Daniels","GWS","FWD",405000,81,95,75,90,80,68,28,101,0,80,69,59,69
"Brodie Grundy","SYD","RUC",528000,106,118,86,106,113,86,87,87,0,113,93,95,93
"Brodie Kemp","CAR","DEF",322300,65,76,73,73,15,103,22,39,0,15,45,47,45
"Brodie Smith","ADE","DEF",343100,69,69,82,64,0,0,0,0,0,0,0,0,0
"Brody Mihocek","COLL","FWD",312500,63,79,65,60,40,69,57,0,0,40,55,55,55
"Bruce Reville","BRL","MID",255800,51,51,0,51,43,60,17,0,0,43,40,40,40
"Brynn Teakle","NTH","FWD",244400,49,49,64,48,0,0,0,0,0,0,0,0,0
"Buku Khamis","WBD","DEF",289800,58,41,21,50,60,73,71,0,0,60,68,68,68
"Caiden Cleary","SYD","FWD",124100,25,4,0,27,66,0,0,0,0,66,66,66,66
"Caleb Daniel","NTH","MID/FWD",390800,78,27,93,46,92,116,116,81,0,92,101,108,101
"Caleb Graham","GCS","DEF",119900,24,24,0,0,0,0,0,0,0,0,0,0,0
"Caleb Mitchell","SYD","MID",119900,24,24,0,28,0,0,0,0,0,0,0,0,0
"Caleb Poulter","WBD","MID",281300,56,56,57,58,0,0,0,0,0,0,0,0,0
"Caleb Serong","FRE","MID",590500,118,108,111,116,142,105,99,102,0,142,112,115,112
"Caleb Windsor","MEL","MID",321300,64,103,0,60,33,57,0,0,0,33,45,45,45
"Callan Ward","GWS","MID",348800,70,122,75,78,69,18,60,99,0,69,62,49,62
"Callum Ah Chee","BRL","FWD",354900,71,84,66,66,63,66,92,54,0,63,69,74,69
"Callum M. Brown","GWS","FWD",272500,55,37,58,52,44,83,49,0,0,44,59,59,59
"Callum Coleman-Jones","NTH","FWD",128200,26,26,45,34,0,0,0,0,0,0,0,0,0
"Callum Jamieson","WCE","DEF",254300,51,51,45,59,0,0,0,0,0,0,0,0,0
"Callum Mills","SYD","DEF",357200,71,71,88,69,0,0,0,0,0,0,0,0,0
"Callum Wilkie","STK","DEF",464800,93,106,94,93,114,59,105,63,0,114,85,93,85
"Calsher Dear","HAW","FWD",275900,55,55,0,51,0,0,0,0,0,0,0,0,0
"Cameron Guthrie","GEE","MID",278000,56,56,84,65,0,0,0,0,0,0,0,0,0
"Cam Mackenzie","HAW","MID",378400,76,40,49,59,105,82,72,97,0,105,89,86,89
"Cam Rayner","BRL","FWD",369200,74,75,69,79,80,67,52,41,0,80,60,66,60
"Cameron Zurhaar","NTH","FWD",358400,72,112,69,70,51,52,86,87,0,51,69,63,69
"Campbell Chesser","WCE","MID",239200,48,48,36,44,0,0,0,0,0,0,0,0,0
"Campbell Gray","RI","DEF/FWD",119900,24,24,0,0,0,0,0,0,0,0,0,0,0
"Chad Warner","SYD","MID",524100,105,139,100,103,54,122,78,115,0,54,92,85,92
"Changkuoth Jiath","HAW","MID",310600,62,32,62,58,58,96,0,0,0,58,77,77,77
"Charlie Ballard","GCS","DEF",343900,69,79,72,64,48,0,0,0,0,48,48,48,48
"Charlie Cameron","BRL","FWD",314400,63,76,72,57,52,61,0,0,0,52,57,57,57
"Charlie Comben","NTH","DEF",391100,78,98,45,76,63,74,101,20,0,63,65,79,65
"Charlie Curnow","CAR","FWD",379400,76,129,98,82,48,51,20,0,0,48,40,40,40
"Charlie Dean","COLL","DEF",297000,59,59,0,58,0,0,0,0,0,0,0,0,0
"Charlie Edwards","ADE","DEF/MID",119900,24,24,0,0,0,0,0,0,0,0,0,0,0
"Charlie Nicholls","FRE","FWD",113500,23,23,0,0,0,0,0,0,0,0,0,0,0
"Charlie Spargo","MEL","FWD",135800,27,51,47,36,-2,33,0,0,0,-2,16,16,16
"Charlie West","COLL","",113500,23,23,0,0,0,0,0,0,0,0,0,0,0
"Chayce Jones","ADE","MID",322000,64,64,74,62,0,0,0,0,0,0,0,0,0
"Chris Burgess","ADE","FWD",237600,48,48,33,49,0,0,0,0,0,0,0,0,0
"Christian Moraes","PTA","MID",166800,33,-37,0,0,43,94,52,0,0,43,63,63,63
"Christian Petracca","MEL","MID",495500,99,125,119,103,92,80,78,98,0,92,87,83,87
"Christian Salem","MEL","DEF",442300,89,125,75,79,64,77,110,113,0,64,91,84,91
"Cillian Burke","GEE","DEF",99100,20,20,0,0,0,0,0,0,0,0,0,0,0
"Clay Hall","WCE","MID",129500,26,-78,0,33,68,88,0,0,0,68,78,78,78
"Clayton Oliver","MEL","MID",479500,96,110,121,84,98,80,130,93,0,98,100,103,100
"Cody Anderson","HAW","MID",113500,23,23,0,0,0,0,0,0,0,0,0,0,0
"Cody Angove","GWS","MID/FWD",113500,23,23,0,0,0,0,0,0,0,0,0,0,0
"Cody Weightman","WBD","FWD",376200,75,75,64,68,0,0,0,0,0,0,0,0,0
"Coen Livingstone","WCE","RUC/FWD",119900,24,24,0,0,0,0,0,0,0,0,0,0,0
"Colby McKercher","NTH","DEF",412100,82,97,0,89,80,70,56,66,0,80,68,69,68
"Connor Budarick","GCS","DEF",319200,64,109,77,63,32,51,71,0,0,32,51,51,51
"Connor Idun","GWS","DEF",447800,90,66,81,85,110,93,70,79,0,110,88,91,88
"Connor MacDonald","HAW","FWD",375100,75,111,68,73,10,104,54,0,0,10,56,56,56
"Connor O'Sullivan","GEE","DEF",268200,54,-19,0,46,103,77,88,48,0,103,79,89,79
"Connor Rozee","PTA","MID",511200,102,167,108,99,76,64,130,128,0,76,100,90,100
"Conor McKenna","BRL","DEF",301700,60,107,63,56,29,45,0,0,0,29,37,37,37
"Conor Nash","HAW","MID",413400,83,102,86,78,78,68,84,103,0,78,83,77,83
"Conor Stone","GWS","FWD",166000,33,25,16,20,29,46,42,64,0,29,45,39,45
"Cooper Bell","GCS","DEF/FWD",113500,23,23,0,0,0,0,0,0,0,0,0,0,0
"Cooper Harvey","NTH","FWD",119900,24,24,35,0,0,0,0,0,0,0,0,0,0
"Cooper Hynes","WBD","MID",118000,24,24,0,0,0,0,0,0,0,0,0,0,0
"Cooper Lord","CAR","MID",247600,50,67,0,69,74,8,56,0,0,74,46,46,46
"Cooper Sharman","STK","FWD",303500,61,14,51,56,100,68,0,0,0,100,84,84,84
"Cooper Simpson","FRE","FWD",119900,24,24,0,37,0,0,0,0,0,0,0,0,0
"Corey Durdin","CAR","FWD",208900,42,42,53,40,0,0,0,0,0,0,0,0,0
"Corey Wagner","FRE","DEF",328700,66,98,73,63,18,81,77,0,0,18,59,59,59
"Corey Warner","SYD","FWD",212500,43,37,21,37,35,56,72,50,0,35,53,54,53
"Dan Houston","COLL","DEF",562900,113,154,106,107,103,81,132,0,0,103,105,105,105
"Dane Rampe","SYD","DEF",343900,69,81,75,58,62,63,109,47,0,62,70,78,70
"Dan Butler","STK","FWD",216500,43,43,58,41,0,0,0,0,0,0,0,0,0
"Daniel Curtin","ADE","FWD",254900,51,-2,0,29,65,90,82,26,0,65,66,79,66
"Daniel McStay","COLL","FWD",318300,64,69,59,60,72,50,118,43,0,72,71,80,71
"Daniel Rioli","GCS","DEF",519900,104,59,87,92,163,90,91,0,0,163,115,115,115
"Daniel Turner","MEL","FWD",234600,47,27,49,43,72,42,0,0,0,72,57,57,57
"Dante Visentini","PTA","RUC",248900,50,50,32,85,0,0,0,0,0,0,0,0,0
"Darcy Byrne-Jones","PTA","FWD",368900,74,117,70,63,31,73,127,48,0,31,70,77,70
"Darcy Cameron","COLL","RUC",549500,110,127,92,106,91,112,74,164,0,91,110,92,110
"Darcy Craven","BRL","FWD",119900,24,24,0,0,0,0,0,0,0,0,0,0,0
"Darcy Fogarty","ADE","FWD",344100,69,83,68,69,84,40,72,73,0,84,67,65,67
"Darcy Fort","BRL","RUC",190500,38,-29,54,51,67,76,0,0,0,67,72,72,72
"Darcy Gardiner","BRL","FWD",241100,48,48,48,50,0,0,0,0,0,0,0,0,0
"Darcy Jones","GWS","FWD",347700,70,10,0,69,160,39,43,73,0,160,79,81,79
"Darcy Moore","COLL","DEF",411900,82,84,91,76,73,90,85,69,0,73,79,83,79
"Darcy Parish","ESS","MID",481400,96,96,108,90,0,0,0,0,0,0,0,0,0
"Darcy Tucker","NTH","DEF/MID",337000,67,41,62,68,85,76,60,7,0,85,57,74,57
"Darcy Wilmot","BRL","DEF",452100,90,109,71,83,79,83,101,100,0,79,91,88,91
"Darcy Wilson","STK","MID/FWD",320400,64,85,0,64,63,44,50,91,0,63,62,52,62
"Darragh Joyce","BRL","DEF",247300,49,49,45,56,0,0,0,0,0,0,0,0,0
"David Swallow","GCS","DEF/FWD",233600,47,47,75,43,0,0,0,0,0,0,0,0,0
"Dayne Zorko","BRL","DEF",617200,124,142,86,111,94,135,136,139,0,94,126,122,126
"Deven Robertson","BRL","MID/FWD",121200,24,24,49,25,0,0,0,0,0,0,0,0,0
"Dion Prestia","RI","MID",426100,85,85,81,77,0,0,0,0,0,0,0,0,0
"Dom Sheed","WCE","MID",238400,48,48,84,44,0,0,0,0,0,0,0,0,0
"Dougal Howard","STK","DEF",319700,64,64,67,61,0,0,0,0,0,0,0,0,0
"Dylan Moore","HAW","FWD",474300,95,144,91,97,84,57,94,90,0,84,81,78,81
"Dylan Shiel","ESS","MID",405200,81,91,69,80,92,60,74,0,0,92,75,75,75
"Dylan Stephens","NTH","MID",239200,48,47,58,47,72,25,14,0,0,72,37,37,37
"Dylan Williams","PTA","DEF",183600,37,37,67,43,0,0,0,0,0,0,0,0,0
"Eamonn Armstrong","STK","DEF",99100,20,20,0,0,0,0,0,0,0,0,0,0,0
"Ed Langdon","MEL","MID",432400,87,70,72,81,81,109,71,74,0,81,84,87,84
"Ed Richards","WBD","MID",508400,102,132,86,98,97,76,105,119,0,97,99,93,99
"Eddie Ford","NTH","FWD",282900,57,57,63,53,0,0,0,0,0,0,0,0,0
"Edward Allan","COLL","MID",194000,39,23,0,26,71,0,0,0,0,71,71,71,71
"Elijah Hewett","WCE","MID/FWD",149000,30,9,46,0,22,58,52,0,0,22,44,44,44
"Elijah Hollands","CAR","FWD",404900,81,81,49,75,0,0,0,0,0,0,0,0,0
"Elijah Tsatas","ESS","MID",191200,38,-13,55,39,78,50,0,0,0,78,64,64,64
"Elliott Himmelberg","GCS","FWD",295200,59,59,52,55,0,0,0,0,0,0,0,0,0
"Elliot Yeo","WCE","MID",564700,113,113,80,106,0,0,0,0,0,0,0,0,0
"Eric Hipwood","BRL","FWD",300900,60,121,62,66,24,36,83,33,0,24,44,48,44
"Errol Gulden","SYD","MID",581900,116,116,111,108,0,0,0,0,0,0,0,0,0
"Esava Ratugolea","PTA","DEF",315500,63,69,56,59,60,60,0,0,0,60,60,60,60
"Ethan Read","GCS","FWD",202500,41,45,0,39,30,47,100,0,0,30,59,59,59
"Finlay Macrae","COLL","MID/FWD",237700,48,48,39,45,0,0,0,0,0,0,0,0,0
"Finn Callaghan","GWS","MID",440200,88,137,73,82,72,55,104,144,0,72,94,77,94
"Finn Maginness","HAW","MID/FWD",276400,55,42,38,46,83,41,61,55,0,83,60,62,60
"Finn O'Sullivan","NTH","MID",207400,42,39,0,0,44,42,51,0,0,44,46,46,46
"Finnbar Maley","NTH","RUC/FWD",119900,24,24,0,0,0,0,0,0,0,0,0,0,0
"Francis Evans","CAR",NULL,233200,47,81,43,44,33,26,0,0,0,33,30,30,30
"Geordie Payne","NTH","MID/FWD",119900,24,24,0,0,0,0,0,0,0,0,0,0,0
"George Hewett","CAR","MID",546000,109,77,79,91,125,126,123,94,0,125,117,125,117
"George Stevens","GEE","MID",119900,24,24,0,0,0,0,0,0,0,0,0,0,0
"George Wardlaw","NTH","MID",461300,92,92,65,85,0,0,0,0,0,0,0,0,0
"Griffin Logue","NTH","DEF",245200,49,27,67,65,75,45,0,0,0,75,60,60,60
"Gryan Miers","GEE","FWD",414600,83,63,81,82,95,91,53,70,0,95,77,80,77
"Hamish Davis","WCE","MID/FWD",113500,23,23,0,0,22,0,0,0,0,22,22,22,22
"Harley Reid","WCE","MID",366700,73,96,0,81,72,52,59,44,0,72,57,61,57
"Harris Andrews","BRL","DEF",437200,87,108,89,83,45,109,105,29,0,45,72,86,72
"Harry Himmelberg","GWS","DEF",526400,105,75,81,91,124,117,110,95,0,124,112,117,112
"Harrison Jones","ESS","FWD",302200,60,83,49,58,62,36,74,0,0,62,57,57,57
"Harrison Oliver","GWS","DEF",122500,25,25,0,0,0,0,0,0,0,0,0,0,0
"Harrison Petty","MEL","FWD",275500,55,80,61,52,18,67,48,86,0,18,55,44,55
"Harry Armstrong","RI","FWD",125900,25,41,0,0,38,-3,49,38,0,38,31,28,31
"Harry Barnett","WCE","RUC",119900,24,24,8,22,0,0,0,0,0,0,0,0,0
"Harry Boyd","STK","RUC",99100,20,-2,0,0,63,0,0,0,0,63,63,63,63
"Harry Charleson","CAR","DEF/MID",99100,20,20,0,0,0,0,0,0,0,0,0,0,0
"Harry Cunningham","SYD","DEF",292600,59,59,60,56,0,0,0,0,0,0,0,0,0
"Harry Demattia","COLL","MID",119900,24,24,0,0,0,0,0,0,0,0,0,0,0
"Harry Edwards","WCE","DEF",286700,57,72,44,57,39,61,46,0,0,39,49,49,49
"Harry Lemmey","CAR","FWD",119900,24,24,0,0,0,0,0,0,0,0,0,0,0
"Harry McKay","CAR","FWD",467200,94,103,71,87,75,0,0,0,0,75,75,75,75
"Harry Morrison","HAW","MID",311800,62,63,66,53,62,62,64,79,0,62,67,63,67
"Harry O'Farrell","CAR","DEF",113500,23,23,0,0,0,0,0,0,0,0,0,0,0
"Harry Perryman","COLL","DEF",396700,79,80,74,78,101,57,62,93,0,101,78,73,78
"Harry Rowston","GWS","MID",119900,24,24,33,0,0,0,0,0,0,0,0,0,0
"Harry Schoenberg","ADE","FWD",201500,40,40,53,47,0,0,0,0,0,0,0,0,0
"Harry Sharp","MEL","MID",209400,42,36,52,57,22,68,43,37,0,22,43,44,43
"Harry Sheezel","NTH","DEF",573300,115,111,100,118,144,89,81,106,0,144,105,105,105
"Harvey Gallagher","WBD","MID",234000,47,74,0,45,31,35,55,51,0,31,43,40,43
"Harvey Harrison","COLL","FWD",251000,50,50,54,47,0,0,0,0,0,0,0,0,0
"Harvey Johnston","WCE","DEF",148700,30,30,0,29,0,0,0,0,0,0,0,0,0
"Harvey Langford","MEL","MID",196700,39,-8,0,0,39,87,18,0,0,39,48,48,48
"Harvey Thomas","GWS","FWD",281400,56,56,0,54,0,0,0,0,0,0,0,0,0
"Hayden McLean","SYD","FWD",368700,74,92,72,68,53,76,0,0,0,53,65,65,65
"Hayden Young","FRE","MID",546100,109,109,94,102,0,0,0,0,0,0,0,0,0
"Heath Chapman","FRE","DEF",344100,69,59,64,70,74,74,58,11,0,74,54,69,54
"Henry Hustwaite","HAW","MID",121200,24,24,66,25,0,0,0,0,0,0,0,0,0
"Henry Smith","BRL","FWD",169200,34,34,0,39,0,0,0,0,0,0,0,0,0
"Hudson O'Keeffe","CAR","RUC",119900,24,24,0,0,0,0,0,0,0,0,0,0,0
"Hugh Bond","ADE","DEF",225200,45,45,0,47,0,0,0,0,0,0,0,0,0
"Hugh Boxshall","STK","MID",113500,23,23,0,0,0,0,0,0,0,0,0,0,0
"Hugh Davies","FRE","DEF",119900,24,24,0,27,0,0,0,0,0,0,0,0,0
"Hugh Jackson","PTA","MID",119900,24,24,0,0,0,0,0,0,0,0,0,0,0
"Hugh McCluggage","BRL","MID",587000,117,60,94,98,156,136,132,80,0,156,126,141,126
"Hugo Garcia","STK","MID/FWD",269800,54,9,0,45,54,99,25,54,0,54,58,59,58
"Hugo Ralphsmith","RI","MID",284400,57,57,37,54,0,0,0,0,0,0,0,0,0
"Hunter Clark","STK","MID",412000,82,199,63,76,41,7,0,0,0,41,24,24,24
"Bobby Hill","COLL","FWD",311800,62,80,57,61,38,69,45,64,0,38,54,51,54
"Iliro Smit","COLL","RUC",119900,24,24,0,0,0,0,0,0,0,0,0,0,0
"Indhi Kirk","SYD","MID",119900,24,24,0,0,0,0,0,0,0,0,0,0,0
"Isaac Cumming","ADE","MID",297900,60,44,69,67,79,56,50,79,0,79,66,62,66
"Isaac Heeney","SYD","MID",562000,112,165,87,117,94,78,103,105,0,94,95,92,95
"Isaac Kako","ESS","MID/FWD",180100,36,12,0,0,62,34,62,0,0,62,53,53,53
"Isaac Keeler","STK","FWD",131400,26,22,0,0,18,39,41,0,0,18,33,33,33
"Isaac Quaynor","COLL","DEF",299000,60,82,75,59,39,59,54,64,0,39,54,51,54
"Isaiah Dudley","FRE",NULL,99100,20,-69,0,0,46,82,0,0,0,46,64,64,64
"Ivan Soldo","PTA","RUC",447900,90,117,87,83,35,0,0,0,0,35,35,35,35
"Izak Rankine","ADE","FWD",526000,105,116,83,97,81,119,97,128,0,81,106,99,106
"Jack Billings","MEL","MID/FWD",310500,62,69,62,56,49,0,0,0,0,49,49,49,49
"Jack Bowes","GEE","MID",402700,81,72,61,81,87,83,48,62,0,87,70,73,70
"Jack Buckley","GWS","DEF",380900,76,108,79,77,54,67,77,57,0,54,64,66,64
"Jack Buller","SYD","FWD",119900,24,24,17,0,0,0,0,0,0,0,0,0,0
"Jack Carroll","STK","MID/FWD",224500,45,45,9,42,0,0,0,0,0,0,0,0,0
"Jack Crisp","COLL","MID",460400,92,119,89,88,79,78,107,74,0,79,85,88,85
"Jack Darling","NTH","FWD",306000,61,96,61,56,30,58,78,80,0,30,62,55,62
"Jack Delean","FRE","FWD",119900,24,24,0,0,0,0,0,0,0,0,0,0,0
"Jack Ginnivan","HAW","FWD",339300,68,117,53,70,37,50,62,69,0,37,55,50,55
"Jack Graham","WCE","MID/FWD",394800,79,76,66,69,64,97,107,0,0,64,89,89,89
"Jack Gunston","HAW","FWD",317900,64,29,53,59,94,68,0,0,0,94,81,81,81
"Jack Henderson","MEL",NULL,173900,35,29,0,0,32,43,72,55,0,32,51,49,51
"Jack Henry","GEE","DEF",389700,78,95,66,65,51,88,94,99,0,51,83,78,83
"Jack Higgins","STK","FWD",384000,77,72,67,71,96,63,86,63,0,96,77,82,77
"Jack Hutchinson","WCE","FWD",233500,47,41,0,39,58,0,0,0,0,58,58,58,58
"Jack Lukosius","PTA","FWD",363100,73,175,76,67,0,43,0,0,0,0,22,22,22
"Jack Martin","GEE","FWD",150900,30,30,60,40,0,0,0,0,0,0,0,0,0
"Jack Ough","GWS","MID",113500,23,23,0,0,0,0,0,0,0,0,0,0,0
"Jack Payne","BRL","DEF",347000,69,45,57,63,92,71,70,46,0,92,70,78,70
"Jack Petruccelle","WCE","FWD",272800,55,71,58,50,22,0,0,0,0,22,22,22,22
"Jack Ross","RI","MID",317400,64,60,75,64,67,64,35,134,0,67,75,55,75
"Jack Scrimshaw","HAW","DEF",441800,88,135,75,83,18,112,0,0,0,18,65,65,65
"Jack Silvagni","CAR","FWD",316000,63,43,69,0,71,76,69,100,0,71,79,72,79
"Jack Sinclair","STK","DEF/MID",639600,128,104,107,110,118,162,145,95,0,118,130,142,130
"Jack Steele","STK","MID",585200,117,165,95,110,106,80,0,0,0,106,93,93,93
"Jack Viney","MEL","MID",411300,82,127,100,90,54,66,79,58,0,54,64,66,64
"Jack Whitlock","PTA","FWD",113500,23,23,0,0,0,0,0,0,0,0,0,0,0
"Jack Williams","WCE","FWD",288300,58,47,38,54,62,64,0,0,0,62,63,63,63
"Jackson Archer","NTH","DEF",247900,50,57,32,48,35,0,0,0,0,35,35,35,35
"Jack Macrae","STK","FWD",514300,103,89,100,70,100,120,162,127,0,100,127,127,127
"Jackson Mead","PTA","MID/FWD",339600,68,77,40,61,74,53,88,63,0,74,70,72,70
"Jacob Bauer","RI","FWD",193200,39,69,20,56,3,44,34,45,0,3,32,27,32
"Jacob Blight","RI","DEF",272200,54,43,0,65,46,74,65,36,0,46,55,62,55
"Jacob Hopper","RI","MID",430500,86,47,79,80,119,92,58,82,0,119,88,90,88
"Jacob Konstanty","NTH","FWD",173300,35,6,0,0,57,41,36,74,0,57,52,45,52
"Jacob Koschitzke","RI","FWD",272500,55,55,58,52,0,0,0,0,0,0,0,0,0
"Jacob Molier","GEE","RUC",113500,23,23,0,0,0,0,0,0,0,0,0,0,0
"Jacob Moss","PTA","DEF",99100,20,20,0,0,0,0,0,0,0,0,0,0,0
"Jacob Van Rooyen","MEL","FWD",304300,61,75,65,63,67,41,64,45,0,67,54,57,54
"Jacob Wehr","GWS","MID",274000,55,92,26,55,52,21,64,74,0,52,53,46,53
"Jacob Weitering","CAR","DEF",401300,80,100,85,77,74,67,82,90,0,74,78,74,78
"Jade Gresham","ESS","FWD",327700,66,35,67,60,101,61,48,0,0,101,70,70,70
"Jaeger O'Meara","FRE","MID",360900,72,64,80,65,46,107,79,0,0,46,77,77,77
"Jagga Smith","CAR","MID",194500,39,39,0,0,0,0,0,0,0,0,0,0,0
"Jai Culley","MEL",NULL,163400,33,33,43,43,0,0,0,0,0,0,0,0,0
"Jai Newcombe","HAW","MID",539300,108,86,98,96,89,149,81,90,0,89,102,106,102
"Jai Serong","HAW","DEF",185400,37,37,45,43,0,0,0,0,0,0,0,0,0
"Jaime Uhr-Henry","HAW","RUC",99100,20,20,0,0,0,0,0,0,0,0,0,0,0
"Jake Bowey","MEL","DEF",413500,83,51,70,64,81,116,97,96,0,81,98,98,98
"Jake Kolodjashnij","GEE","DEF",374200,75,75,58,69,0,0,0,0,0,0,0,0,0
"Jake Lever","MEL","DEF",378400,76,68,75,70,48,111,0,0,0,48,80,80,80
"Jake Lloyd","SYD","DEF/MID",439200,88,81,96,83,99,84,84,65,0,99,83,89,83
"Jake Melksham","MEL","FWD",274800,55,84,44,50,43,38,0,0,0,43,41,41,41
"Jake Riccardi","GWS","FWD",309100,62,54,53,57,77,0,0,0,0,77,77,77,77
"Jake Rogers","GCS","FWD",207900,42,83,0,41,21,21,79,0,0,21,40,40,40
"Jake Soligo","ADE","MID",501200,100,67,73,83,126,108,108,114,0,126,114,114,114
"Jake Stringer","GWS","FWD",340200,68,101,65,65,49,54,0,0,0,49,52,52,52
"Jake Waterman","WCE","FWD",447800,90,115,65,83,38,0,0,0,0,38,38,38,38
"Jakob Ryan","COLL","DEF",119900,24,24,12,0,0,0,0,0,0,0,0,0,0
"Jamarra Ugle-Hagan","WBD","FWD",355400,71,71,61,68,0,0,0,0,0,0,0,0,0
"James Aish","FRE","DEF",333000,67,93,73,62,13,0,0,0,0,13,13,13,13
"James Barrat","STK","DEF/FWD",113500,23,23,0,0,0,0,0,0,0,0,0,0,0
"James Blanck","HAW","DEF",119900,24,24,36,0,0,0,0,0,0,0,0,0,0
"James Borlase","ADE","DEF",335700,67,120,58,64,26,56,0,0,0,26,41,41,41
"James Harmes","WBD","MID/FWD",385200,77,39,46,71,100,92,50,79,0,100,80,81,80
"James Jordon","SYD","MID/FWD",357500,72,78,49,68,71,66,69,63,0,71,67,69,67
"James Leake","GWS","DEF",119900,24,-5,0,0,13,64,0,0,0,13,39,39,39
"James O'Donnell","WBD","DEF",275400,55,50,39,53,43,72,45,0,0,43,53,53,53
"James Peatling","ADE","MID",376000,75,7,49,64,126,93,47,67,0,126,83,89,83
"James Rowbottom","SYD","MID",486600,97,118,84,94,74,100,88,87,0,74,87,87,87
"James Sicily","HAW","DEF",521600,104,132,114,99,82,99,109,92,0,82,96,97,96
"James Trezise","RI","DEF",290600,58,23,93,57,78,73,36,72,0,78,65,62,65
"James Tunstill","BRL","MID/FWD",119900,24,24,22,32,0,0,0,0,0,0,0,0,0
"James Worpel","HAW","MID",470400,94,115,90,89,52,0,0,0,0,52,52,52,52
"Jamie Cripps","WCE","FWD",371600,74,75,69,75,58,90,55,55,0,58,65,68,65
"Jamie Elliott","COLL","FWD",361700,72,73,73,63,59,85,80,61,0,59,71,75,71
"Jaren Carr","FRE","FWD",113500,23,23,0,0,0,0,0,0,0,0,0,0,0
"Jarman Impey","HAW","DEF",403500,81,103,78,83,46,93,65,38,0,46,61,68,61
"Jarrod Berry","BRL","MID",426200,85,118,77,85,74,64,94,88,0,74,80,77,80
"Jarrod Witts","GCS","RUC",583400,117,141,106,107,100,109,144,0,0,100,118,118,118
"Jase Burgoyne","PTA","MID",458200,92,113,40,79,41,121,127,50,0,41,85,96,85
"Jason Horne-Francis","PTA","MID/FWD",495600,99,63,78,100,153,82,61,83,0,153,95,99,95
"Jason Johannisen","WBD","DEF",426900,85,85,75,79,0,0,0,0,0,0,0,0,0
"Jaspa Fletcher","BRL","MID",359600,72,66,52,65,99,51,94,52,0,99,74,81,74
"Jasper Alger","RI","FWD",113500,23,23,0,0,0,0,0,0,0,0,0,0,0
"Jasper Scaife","HAW","FWD",119900,24,24,0,0,0,0,0,0,0,0,0,0,0
"Jaxon Binns","CAR","MID",171000,34,34,0,35,0,0,0,0,0,0,0,0,0
"Jaxon Prior","ESS","DEF",206600,41,-11,39,39,78,57,50,0,0,78,62,62,62
"Jay Polkinghorne","GEE","FWD",113500,23,23,0,0,0,0,0,0,0,0,0,0,0
"Jayden Hunt","WCE","DEF/MID",297600,60,92,76,66,39,48,50,32,0,39,42,46,42
"Jayden Laverde","ESS","DEF",362800,73,73,72,67,0,0,0,0,0,0,0,0,0
"Jayden Nguyen","ESS","DEF/MID",99100,20,20,0,0,0,0,0,0,0,0,0,0,0
"Jayden Short","RI","DEF",427600,86,82,99,81,86,89,71,83,0,86,82,82,82
"Jed Adams","MEL","DEF",119900,24,24,0,0,0,0,0,0,0,0,0,0,0
"Jed Bews","GEE","DEF",172200,34,34,45,53,0,0,0,0,0,0,0,0,0
"Jed McEntee","PTA","FWD",200600,40,40,45,36,0,0,0,0,0,0,0,0,0
"Jed Walter","GCS","FWD",190500,38,-4,0,38,71,47,0,0,0,71,59,59,59
"Jedd Busslinger","WBD","DEF",119900,24,24,0,0,0,0,0,0,0,0,0,0,0
"Jeremy Cameron","GEE","FWD",400200,80,99,83,84,105,36,62,79,0,105,71,68,71
"Jeremy Finlayson","PTA","FWD",305800,61,49,85,57,85,0,0,0,0,85,85,85,85
"Jeremy Howe","COLL","DEF",402900,81,79,71,81,51,112,44,60,0,51,67,69,67
"Jeremy McGovern","WCE","DEF",564700,113,139,84,110,103,97,86,0,0,103,95,95,95
"Jeremy Sharp","FRE","MID",332000,66,106,0,69,64,29,72,67,0,64,58,55,58
"Jesse Dattoli","SYD","MID/FWD",113500,23,23,0,0,0,0,0,0,0,0,0,0,0
"Jesse Hogan","GWS","FWD",497800,100,74,75,93,138,87,0,0,0,138,113,113,113
"Jesse Motlop","CAR","FWD",244000,49,45,55,42,37,64,81,40,0,37,56,61,56
"Jhye Clark","GEE","MID",229900,46,33,13,44,39,66,19,0,0,39,41,41,41
"Jimmy Webster","STK","DEF",330000,66,56,65,62,37,105,51,42,0,37,59,64,59
"Jobe Shanahan","WCE","FWD",113500,23,23,0,0,0,0,0,0,0,0,0,0,0
"Joe Berry","PTA","FWD",172600,35,36,0,0,34,34,56,38,0,34,41,41,41
"Joe Pike","GEE","RUC",99100,20,20,0,0,0,0,0,0,0,0,0,0,0
"Joe Richards","PTA","FWD",330700,66,57,0,63,81,61,86,45,0,81,68,76,68
"Joel Amartey","SYD","FWD",305500,61,32,56,55,85,66,32,84,0,85,67,61,67
"Joel Cochran","COLL","DEF",113500,23,23,0,0,0,0,0,0,0,0,0,0,0
"Joel Freijah","WBD","DEF",386800,77,115,0,69,49,68,100,109,0,49,82,72,82
"Joel Hamling","SYD","FWD",205200,41,0,59,0,54,69,76,0,0,54,66,66,66
"Joel Jeffrey","GCS","DEF",361400,72,82,59,66,80,55,95,0,0,80,77,77,77
"John Noble","GCS","DEF",426900,85,69,80,77,67,120,78,0,0,67,88,88,88
"Jonty Faull","RI","FWD",145000,29,29,0,0,0,0,0,0,0,0,0,0,0
"Jordan Boyd","CAR","DEF",327000,65,79,51,61,39,0,0,0,0,39,39,39,39
"Jordan Clark","FRE","DEF",558600,112,130,82,106,101,104,122,107,0,101,109,109,109
"Jordan Croft","WBD","FWD",119900,24,24,0,0,0,0,0,0,0,0,0,0,0
"Jordan Dawson","ADE","MID",555500,111,114,116,102,124,96,124,103,0,124,112,115,112
"Jordan De Goey","COLL","MID",441800,88,115,97,82,79,71,0,0,0,79,75,75,75
"Jordan Ridley","ESS","DEF",552600,111,207,95,103,86,39,0,0,0,86,63,63,63
"Jordon Butts","ADE","DEF",290300,58,58,42,54,0,0,0,0,0,0,0,0,0
"Jordon Sweet","PTA","RUC",470000,94,113,0,87,77,92,100,90,0,77,90,90,90
"Josaia Delana","GWS","MID",99100,20,20,0,0,0,0,0,0,0,0,0,0,0
"Joe Fonti","GWS","DEF",160600,32,32,0,37,0,0,0,0,0,0,0,0,0
"Josh Battle","HAW","DEF",432100,86,115,64,85,36,108,83,54,0,36,70,76,70
"Josh Daicos","COLL","MID",469700,94,107,99,87,91,84,88,95,0,91,90,88,90
"Josh Dolan","WBD","FWD",109900,22,20,0,0,26,20,17,26,0,26,22,21,22
"Joshua Draper","FRE","DEF",256300,51,65,0,49,57,32,59,50,0,57,50,49,50
"Josh Dunkley","BRL","MID",603500,121,143,115,111,114,105,117,173,0,114,127,112,127
"Josh Fahey","GWS","DEF",119900,24,24,27,0,0,0,0,0,0,0,0,0,0
"Josh Gibcus","RI","DEF",153600,31,31,0,48,0,0,0,0,0,0,0,0,0
"Josh Goater","NTH","DEF",151400,30,30,56,42,0,0,0,0,0,0,0,0,0
"Josh Lai","PTA",NULL,99100,20,20,0,0,0,0,0,0,0,0,0,0,0
"Josh Rachele","ADE","FWD",351400,70,97,74,64,26,88,107,0,0,26,74,74,74
"Josh Sinn","PTA","DEF",291200,58,42,22,53,53,80,82,59,0,53,69,72,69
"Josh Smillie","RI","MID",176500,35,35,0,0,0,0,0,0,0,0,0,0,0
"Josh Treacy","FRE","FWD",478200,96,65,57,84,108,114,112,34,0,108,92,111,92
"Josh Ward","HAW","MID",332300,67,7,73,53,92,101,84,0,0,92,92,92,92
"Josh Worrell","ADE","DEF",421300,84,120,75,87,51,82,69,106,0,51,77,67,77
"Josh Kelly","GWS","MID",514700,103,119,102,101,108,82,90,132,0,108,103,93,103
"Josh Weddle","HAW","DEF",369800,74,70,67,72,98,54,62,58,0,98,68,71,68
"Judd McVee","MEL","DEF",381400,76,76,57,73,0,0,0,0,0,0,0,0,0
"Judson Clarke","RI","FWD",119900,24,24,43,8,0,0,0,0,0,0,0,0,0
"Justin McInerney","SYD","MID",443700,89,100,72,82,87,79,0,0,0,87,83,83,83
"Jy Farrar","GCS","DEF",119900,24,24,37,0,0,0,0,0,0,0,0,0,0
"Jy Simpkin","NTH","MID/FWD",467100,93,99,79,78,62,119,102,115,0,62,100,94,100
"Jye Amiss","FRE","FWD",278800,56,62,54,59,37,68,55,29,0,37,47,53,47
"Jye Caldwell","ESS","MID",519900,104,110,78,96,84,118,129,0,0,84,110,110,110
"Jye Menzie","ESS","FWD",182800,37,43,47,34,63,4,0,0,0,63,34,34,34
"Kade Chandler","MEL","FWD",389600,78,125,64,62,54,55,151,71,0,54,83,87,83
"Kai Lohmann","BRL","FWD",379800,76,206,30,69,13,9,0,0,0,13,11,11,11
"Kaleb Smith","RI","DEF",117400,23,25,0,25,22,23,19,0,0,22,21,21,21
"Kallan Dawson","NTH","DEF",282600,57,57,41,52,0,0,0,0,0,0,0,0,0
"Kamdyn McIntosh","RI","MID",308200,62,51,55,46,43,91,84,64,0,43,71,73,71
"Kane Farrell","PTA","DEF",450500,90,114,77,84,70,86,104,100,0,70,90,87,90
"Kane McAuliffe","RI","MID",244300,49,49,0,45,0,0,0,0,0,0,0,0,0
"Karl Amon","HAW","DEF",516800,103,125,86,92,79,106,122,100,0,79,102,102,102
"Karl Gallagher","ADE","DEF",119900,24,24,0,0,0,0,0,0,0,0,0,0,0
"Karl Worner","FRE","DEF",192400,39,34,30,43,28,54,45,0,0,28,42,42,42
"Kayle Gerreyn","ESS","RUC",113500,23,23,0,0,0,0,0,0,0,0,0,0,0
"Keidean Coleman","BRL","DEF",269100,54,54,71,37,0,0,0,0,0,0,0,0,0
"Keighton Matofai-Forbes","GEE","FWD",113500,23,23,0,0,0,0,0,0,0,0,0,0,0
"Kieran Strachan","ADE","RUC",223100,45,45,0,69,0,0,0,0,0,0,0,0,0
"Kieren Briggs","GWS","RUC",473000,95,78,109,95,107,99,5,0,0,107,70,70,70
"Koltyn Tholstrup","MEL","FWD",312500,63,63,0,59,0,0,0,0,0,0,0,0,0
"Kyle Langford","ESS","FWD",422200,84,100,79,77,53,0,0,0,0,53,53,53,53
"Kynan Brown","MEL","MID",119900,24,24,0,18,0,0,0,0,0,0,0,0,0
"Kysaiah Pickett","MEL","FWD",395400,79,73,68,72,91,0,0,0,0,91,91,91,91
"Lachie Jaques","WBD","DEF",113500,23,23,0,0,0,0,0,0,0,0,0,0,0
"Lachie Neale","BRL","MID",577600,116,146,110,118,130,71,133,41,0,130,94,111,94
"Lachlan Sullivan","COLL","MID",283400,57,59,0,53,52,0,0,0,0,52,52,52,52
"Lachie Whitfield","GWS","DEF",607500,122,108,93,109,148,109,128,111,0,148,124,128,124
"Lachie Ash","GWS","DEF",479000,96,63,84,85,130,95,80,122,0,130,107,102,107
"Lachlan Bramble","WBD","DEF",337200,67,76,52,74,57,69,24,86,0,57,59,50,59
"Lachlan Charleson","PTA","MID/FWD",119900,24,24,0,0,0,0,0,0,0,0,0,0,0
"Lachlan Cowan","CAR","DEF",295100,59,99,42,62,15,63,46,81,0,15,51,41,51
"Lachie Fogarty","CAR","FWD",303900,61,66,62,61,58,58,48,55,0,58,55,55,55
"Lachlan Gulbin","GCS","FWD",99100,20,20,0,0,0,0,0,0,0,0,0,0,0
"Lachie Jones","PTA","DEF",295500,59,5,57,54,82,90,18,0,0,82,63,63,63
"Lachlan Keeffe","GWS","RUC",211300,42,-4,37,37,47,84,47,0,0,47,59,59,59
"Lachlan McAndrew","ADE",NULL,119900,24,24,38,0,0,0,0,0,0,0,0,0,0
"Lachlan McNeil","WBD","FWD",287200,57,55,28,64,56,61,26,48,0,56,48,48,48
"Lachlan Murphy","ADE","FWD",301700,60,62,68,57,58,0,0,0,0,58,58,58,58
"Lachie Schultz","COLL","FWD",394800,79,13,79,62,117,107,89,36,0,117,87,104,87
"Lachlan Sholl","ADE","MID",383100,77,148,67,87,48,34,77,86,0,48,61,53,61
"Lachlan Smith","WBD","RUC",119900,24,24,0,0,0,0,0,0,0,0,0,0,0
"Lachie Weller","GCS","DEF",302900,61,77,83,69,56,49,79,0,0,56,61,61,61
"Laitham Vandermeer","WBD","FWD",275200,55,102,52,50,11,52,68,115,0,11,62,44,62
"Lance Collard","STK","FWD",165300,33,-37,0,6,81,55,39,0,0,81,58,58,58
"Lawson Humphries","GEE","DEF",429200,86,79,0,82,86,93,80,97,0,86,89,86,89
"Leek Aleer","GWS","DEF",319900,64,64,0,59,0,0,0,0,0,0,0,0,0
"Lennox Hoffman","GEE",NULL,113500,23,23,0,0,0,0,0,0,0,0,0,0,0
"Leonardo Lombard","GCS","MID",167500,34,34,0,0,0,0,0,0,0,0,0,0,0
"Levi Ashcroft","BRL","MID",249100,50,27,0,0,87,36,72,84,0,87,70,65,70
"Lewis Hayes","ESS","DEF",119900,24,24,0,0,0,0,0,0,0,0,0,0,0
"Lewis Melican","SYD","DEF",282500,57,39,58,51,73,58,0,0,0,73,66,66,66
"Lewis Young","CAR","DEF",328700,66,80,66,64,67,50,61,0,0,67,59,59,59
"Liam Baker","WCE","MID/FWD",434400,87,90,80,82,86,85,75,102,0,86,87,82,87
"Liam Duggan","WCE","DEF",406800,81,115,90,88,74,55,75,70,0,74,69,68,69
"Liam Fawcett","RI","FWD",119900,24,21,0,0,30,0,0,0,0,30,30,30,30
"Liam Henry","STK","FWD",334100,67,67,72,62,0,0,0,0,0,0,0,0,0
"Liam Jones","WBD","DEF",378800,76,107,59,72,65,55,0,0,0,65,60,60,60
"Liam O'Connell","STK","DEF",120700,24,27,0,0,3,42,28,0,0,3,24,24,24
"Liam Reidy","FRE","RUC",132600,27,23,0,53,34,0,0,0,0,34,34,34,34
"Liam Ryan","WCE","FWD",304100,61,34,75,56,54,95,0,0,0,54,75,75,75
"Liam Stocker","STK","DEF",283600,57,57,68,54,83,30,0,0,0,83,57,57,57
"Lincoln McCarthy","BRL","FWD",339500,68,68,59,72,0,0,0,0,0,0,0,0,0
"Lloyd Johnston","GCS","FWD",226500,45,45,42,47,0,0,0,0,0,0,0,0,0
"Lloyd Meek","HAW","RUC",531500,106,111,64,103,118,90,78,126,0,118,103,95,103
"Loch Rawlinson","WCE","FWD",119900,24,24,0,11,0,0,0,0,0,0,0,0,0
"Logan Evans","PTA","DEF",330100,66,138,0,65,20,40,101,36,0,20,49,54,49
"Logan McDonald","SYD","FWD",338100,68,68,59,62,0,0,0,0,0,0,0,0,0
"Logan Morris","BRL","FWD",309500,62,46,0,54,75,65,69,51,0,75,65,70,65
"Logan Smith","GWS","RUC",113500,23,23,0,0,0,0,0,0,0,0,0,0,0
"Luamon Lual","ESS","DEF",119900,24,24,0,0,0,0,0,0,0,0,0,0,0
"Lucas Camporeale","CAR","MID",113500,23,-40,0,0,52,56,0,0,0,52,54,54,54
"Lucca Grego","WCE","MID",113500,23,23,0,0,0,0,0,0,0,0,0,0,0
"Luke Beecken","BRL","DEF",119900,24,24,0,0,0,0,0,0,0,0,0,0,0
"Luke Breust","HAW","FWD",220300,44,64,61,40,5,0,0,0,0,5,5,5,5
"Luke Cleary","WBD","DEF",171600,34,39,49,46,25,0,0,0,0,25,25,25,25
"Luke Davies-Uniacke","NTH","MID",524700,105,148,114,110,104,63,108,88,0,104,91,92,91
"Luke Jackson","FRE","RUC/FWD",557500,112,55,98,95,115,165,97,91,0,115,117,126,117
"Luke Kennedy","WBD","MID",113500,23,23,0,0,0,0,0,0,0,0,0,0,0
"Luke Lloyd","BRL","FWD",119900,24,24,0,0,0,0,0,0,0,0,0,0,0
"Luke McDonald","NTH","DEF",384900,77,53,78,66,79,99,71,79,0,79,82,83,82
"Luke Nankervis","ADE","DEF",382600,77,102,55,71,26,0,0,0,0,26,26,26,26
"Luke Parker","NTH","MID/FWD",382600,77,31,97,66,121,78,79,69,0,121,87,93,87
"Luke Pedlar","ADE","FWD",150400,30,30,56,28,0,0,0,0,0,0,0,0,0
"Luke Ryan","FRE","DEF",556500,111,119,109,117,134,81,95,66,0,134,94,103,94
"Luke Trainor","RI","DEF",201400,40,-51,0,0,82,90,24,50,0,82,62,65,62
"Luke Urquhart","NTH","MID",113500,23,23,0,0,0,0,0,0,0,0,0,0,0
"Luker Kentfield","MEL","FWD",119900,24,24,0,0,0,0,0,0,0,0,0,0,0
"Mabior Chol","HAW","FWD",320300,64,114,49,62,14,64,70,66,0,14,54,49,54
"Mac Andrew","GCS","DEF",396900,79,123,55,75,80,35,0,0,0,80,58,58,58
"Malakai Champion","WCE","FWD",99100,20,20,0,0,0,0,0,0,0,0,0,0,0
"Malcolm Rosas","GCS","FWD",212000,42,42,52,44,0,0,0,0,0,0,0,0,0
"Marc Pittonet","CAR","RUC",484100,97,97,70,89,0,0,0,0,0,0,0,0,0
"Marcus Bontempelli","WBD","MID",681000,136,136,130,127,0,0,0,0,0,0,0,0,0
"Marcus Windhager","STK","MID",377600,76,125,58,71,47,55,104,80,0,47,72,69,72
"Mark Blicavs","GEE","MID",392200,78,42,92,67,104,89,81,0,0,104,91,91,91
"Mark Keane","ADE","DEF",327400,66,120,65,78,34,43,32,83,0,34,48,36,48
"Mark O'Connor","GEE","DEF/MID",312500,63,67,67,57,65,56,69,70,0,65,65,63,65
"Marty Hore","MEL","DEF",249700,50,50,0,56,0,0,0,0,0,0,0,0,0
"Mason Cox","COLL","RUC/FWD",307800,62,69,64,57,46,0,0,0,0,46,46,46,46
"Mason Redman","ESS","DEF",465000,93,103,91,88,111,65,82,0,0,111,86,86,86
"Mason Wood","STK","MID/FWD",447500,90,96,93,80,54,119,98,71,0,54,86,90,86
"Massimo D'Ambrosio","HAW","MID",438900,88,90,40,85,65,109,47,87,0,65,77,74,77
"Mate Colina","RI","RUC",119900,24,24,0,0,0,0,0,0,0,0,0,0,0
"Matthew Carroll","CAR",NULL,99100,20,20,0,0,0,0,0,0,0,0,0,0,0
"Matthew Cottrell","CAR","MID/FWD",316300,63,29,60,55,73,88,64,0,0,73,75,75,75
"Matt Crouch","ADE","MID",540600,108,135,98,107,47,143,84,0,0,47,91,91,91
"Matt Duffy","CAR","DEF",99100,20,20,0,0,0,0,0,0,0,0,0,0,0
"Matt Guelfi","ESS","FWD",384600,77,77,54,77,0,0,0,0,0,0,0,0,0
"Matt Hill","HAW","DEF",99100,20,20,0,0,0,0,0,0,0,0,0,0,0
"Matthew Johnson","FRE","MID",339700,68,73,54,65,52,79,51,98,0,52,70,61,70
"Matthew Owies","WCE","FWD",267900,54,87,54,54,32,42,63,52,0,32,47,46,47
"Matt Rowell","GCS","MID",557900,112,125,102,102,74,136,137,0,0,74,116,116,116
"Matt Whitlock","NTH","DEF/FWD",113500,23,20,0,0,29,0,0,0,0,29,29,29,29
"Mattaes Phillipou","STK","MID/FWD",313800,63,63,51,56,0,0,0,0,0,0,0,0,0
"Matt Flynn","WCE","RUC",261900,52,35,88,61,87,0,0,0,0,87,87,87,87
"Matthew Jefferson","MEL","FWD",119900,24,31,0,0,0,41,0,0,0,0,21,21,21
"Matthew Kennedy","WBD","MID/FWD",449200,90,67,75,77,90,113,79,115,0,90,99,94,99
"Matt Roberts","SYD","DEF",476100,95,94,31,79,77,115,95,124,0,77,103,96,103
"Maurice Rioli","RI","FWD",294600,59,59,31,55,0,0,0,0,0,0,0,0,0
"Max Gawn","MEL","RUC",577600,116,137,110,124,122,88,67,129,0,122,102,92,102
"Max Gruzewski","GWS","FWD",119900,24,10,0,21,1,61,0,0,0,1,31,31,31
"Max Hall","STK","MID/FWD",204200,41,-18,0,0,56,85,33,74,0,56,62,58,62
"Max Heath","STK","RUC/FWD",119900,24,24,0,0,0,0,0,0,0,0,0,0,0
"Max Holmes","GEE","DEF/MID",529200,106,119,80,98,72,127,91,125,0,72,104,97,104
"Max King","STK","FWD",300400,60,60,61,56,0,0,0,0,0,0,0,0,0
"Max Knobel","GCS","RUC",119900,24,24,0,0,0,0,0,0,0,0,0,0,0
"Max Michalanney","ADE","DEF",344900,69,93,56,67,34,80,70,68,0,34,63,61,63
"Max Ramsden","HAW","FWD",128200,26,26,26,34,0,0,0,0,0,0,0,0,0
"Michael Walters","FRE","FWD",236800,47,47,55,46,0,0,0,0,0,0,0,0,0
"Miles Bergman","PTA","DEF/MID",432400,87,52,66,78,116,92,77,76,0,116,90,95,90
"Miller Bergman","NTH","DEF",137900,28,28,47,32,0,0,0,0,0,0,0,0,0
"Michael Frederick","FRE","FWD",279900,56,29,60,51,79,60,42,60,0,79,60,60,60
"Mitch Georgiades","PTA","FWD",406900,81,54,59,70,112,78,111,23,0,112,81,100,81
"Mitch McGovern","CAR","DEF",338300,68,102,80,76,69,32,59,45,0,69,51,53,51
"Mitch Duncan","GEE","DEF",423300,85,85,90,81,0,0,0,0,0,0,0,0,0
"Mitchell Edwards","GEE","RUC",119900,24,24,0,0,0,0,0,0,0,0,0,0,0
"Mitchell Hinge","ADE","DEF",496300,99,79,85,95,116,103,89,76,0,116,96,103,96
"Mitch Knevitt","GEE","MID",181200,36,31,55,46,20,58,82,0,0,20,53,53,53
"Mitch Lewis","HAW","FWD",178900,36,36,71,42,0,0,0,0,0,0,0,0,0
"Mitch Owens","STK","FWD",355700,71,51,80,64,70,93,70,0,0,70,78,78,78
"Murphy Reid","FRE","MID",258500,52,-24,0,0,73,106,75,50,0,73,76,85,76
"Mykelti Lefau","RI","FWD",292600,59,59,0,54,0,0,0,0,0,0,0,0,0
"Nasiah Wanganeen-Milera","STK","DEF",551400,110,98,85,101,123,110,113,96,0,123,111,115,111
"Nate Caddy","ESS","FWD",270500,54,52,0,53,85,25,35,0,0,85,48,48,48
"Nathan Broad","RI","DEF",325000,65,49,80,67,87,59,37,51,0,87,59,61,59
"Nat Fyfe","FRE","MID",372800,75,75,51,69,0,0,0,0,0,0,0,0,0
"Nathan O'Driscoll","FRE","MID",309800,62,36,50,26,46,104,95,91,0,46,84,82,84
"Nathan Wardius","GWS","FWD",119900,24,24,0,0,0,0,0,0,0,0,0,0,0
"Ned Bowman","SYD","FWD",113500,23,23,0,0,0,0,0,0,0,0,0,0,0
"Ned Long","COLL","MID",263000,53,75,43,41,26,57,113,30,0,26,57,65,57
"Ned Moyle","GCS","RUC",462100,92,92,50,86,0,0,0,0,0,0,0,0,0
"Ned Reeves","HAW","RUC",244600,49,49,67,57,0,0,0,0,0,0,0,0,0
"Neil Erasmus","FRE","MID/FWD",119900,24,-49,43,23,80,41,0,0,0,80,61,61,61
"Nic Newman","CAR","DEF",546800,109,109,100,100,0,0,0,0,0,0,0,0,0
"Nick Coffield","WBD","DEF",218200,44,44,0,41,0,0,0,0,0,0,0,0,0
"Nick Holman","GCS","MID/FWD",289900,58,81,66,53,32,61,0,0,0,32,47,47,47
"Nic Martin","ESS","DEF",529400,106,139,88,105,88,91,74,0,0,88,84,84,84
"Nick Blakey","SYD","DEF",512800,103,140,89,96,82,86,105,122,0,82,99,91,99
"Nick Bryan","ESS","RUC",324600,65,39,66,73,79,77,69,0,0,79,75,75,75
"Nick Daicos","COLL","MID",582700,117,131,116,114,94,125,98,66,0,94,96,106,96
"Nick Haynes","CAR","DEF",345200,69,70,73,77,64,73,49,59,0,64,61,62,61
"Nick Larkey","NTH","FWD",343000,69,69,69,63,45,92,61,85,0,45,71,66,71
"Nicholas Madden","GWS","RUC",119900,24,24,0,0,0,0,0,0,0,0,0,0,0
"Nick Murray","ADE","DEF",292200,58,31,60,58,66,78,0,0,0,66,72,72,72
"Nick Vlastuin","RI","DEF",427900,86,112,92,90,85,60,58,101,0,85,76,68,76
"Nick Watson","HAW","FWD",397300,80,26,0,63,134,79,100,15,0,134,82,104,82
"Nik Cox","ESS","MID",268100,54,54,47,50,0,0,0,0,0,0,0,0,0
"Noah Anderson","GCS","MID",576000,115,135,105,106,102,109,136,0,0,102,116,116,116
"Noah Answerth","BRL","DEF",321000,64,80,35,60,57,56,81,75,0,57,67,65,67
"Noah Balta","RI","DEF/FWD",334900,67,67,74,63,0,0,0,0,0,0,0,0,0
"Noah Long","WCE","FWD",191600,38,79,52,49,6,30,43,16,0,6,24,26,24
"Noah Mraz","HAW","DEF",113500,23,23,0,0,0,0,0,0,0,0,0,0,0
"Odin Jones","FRE","RUC",119900,24,24,0,0,0,0,0,0,0,0,0,0,0
"Oisin Mullin","GEE","DEF",233300,47,-6,31,39,69,77,22,36,0,69,51,56,51
"Oleg Markov","COLL","DEF",253300,51,51,54,47,0,0,0,0,0,0,0,0,0
"Oliver Florent","SYD","DEF",393500,79,99,75,78,83,54,84,50,0,83,68,74,68
"Oliver Hannaford","GWS","MID/FWD",127000,25,25,0,0,0,0,0,0,0,0,0,0,0
"Oliver Hayes-Brown","RI","RUC",119900,24,24,0,0,0,0,0,0,0,0,0,0,0
"Oliver Henry","GEE","FWD",256900,51,65,60,50,32,57,41,48,0,32,45,43,45
"Oliver Hollands","CAR","MID",314800,63,63,58,60,82,44,50,79,0,82,64,59,64
"Oliver Sestan","MEL","FWD",119900,24,24,0,0,0,0,0,0,0,0,0,0,0
"Oliver Wiltshire","GEE","MID/FWD",119900,24,24,0,0,0,0,0,0,0,0,0,0,0
"Ollie Wines","PTA","MID",525500,105,116,83,99,94,106,104,100,0,94,101,101,101
"Oliver Dempsey","GEE","MID",371800,74,75,33,75,96,52,55,80,0,96,71,68,71
"Ollie Lord","PTA","FWD",204500,41,19,46,42,85,0,0,0,0,85,85,85,85
"Ollie Murphy","FRE","DEF",119900,24,24,0,0,0,0,0,0,0,0,0,0,0
"Orazio Fantasia","CAR","FWD",215100,43,43,39,39,0,0,0,0,0,0,0,0,0
"Oscar Allen","WCE","FWD",245900,49,70,70,58,53,25,27,63,0,53,42,35,42
"Oscar McDonald","FRE","DEF",119900,24,24,0,27,0,0,0,0,0,0,0,0,0
"Oscar McInerney","BRL","RUC",505500,101,130,94,96,114,59,110,0,0,114,94,94,94
"Oscar Ryan","ADE","DEF",119900,24,24,0,0,0,0,0,0,0,0,0,0,0
"Oscar Steene","COLL","RUC/FWD",119900,24,24,0,0,0,0,0,0,0,0,0,0,0
"Oskar Baker","WBD","MID",246400,49,42,54,53,58,48,24,0,0,58,43,43,43
"Paddy Dow","STK","MID",327100,65,65,55,61,0,0,0,0,0,0,0,0,0
"Patrick Cripps","CAR","MID",534000,107,181,98,111,56,84,108,120,0,56,92,83,92
"Patrick Dangerfield","GEE","MID",443100,89,70,88,83,112,84,74,80,0,112,88,90,88
"Patrick Lipinski","COLL","MID/FWD",413400,83,97,70,73,76,75,95,74,0,76,80,82,80
"Patrick Retschko","GEE","MID",99100,20,20,0,0,0,0,0,0,0,0,0,0,0
"Patrick Said","STK","MID/FWD",113500,23,23,0,0,0,0,0,0,0,0,0,0,0
"Patrick Snell","SYD","DEF/FWD",119900,24,24,0,0,0,0,0,0,0,0,0,0,0
"Patrick Voss","FRE","FWD",234700,47,23,0,45,55,63,41,0,0,55,53,53,53
"Paul Curtis","NTH","FWD",388800,78,42,46,59,125,66,114,71,0,125,94,102,94
"Peter Ladhams","SYD","RUC/FWD",262800,53,43,70,38,40,75,0,0,0,40,58,58,58
"Peter Wright","ESS","FWD",378300,76,76,64,70,0,0,0,0,0,0,0,0,0
"Phoenix Gothard","GWS","FWD",119900,24,24,0,0,0,0,0,0,0,0,0,0,0
"Quinton Narkle","FRE","FWD",144900,29,29,45,27,0,0,0,0,0,0,0,0,0
"Reece Torrent","BRL","MID",119900,24,24,0,0,0,0,0,0,0,0,0,0,0
"Reef McInnes","COLL","FWD",198500,40,66,21,37,0,53,55,0,0,0,36,36,36
"Reilly O'Brien","ADE","RUC",451400,90,121,96,93,68,82,77,82,0,68,77,76,77
"Reuben Ginbey","WCE","MID",373600,75,61,63,71,78,85,58,82,0,78,76,74,76
"Rhett Bazzo","WCE","DEF",121200,24,24,32,0,0,0,0,0,0,0,0,0,0
"Rhyan Mansell","RI","FWD",321500,64,72,40,61,34,87,69,0,0,34,63,63,63
"Rhylee West","WBD","FWD",323000,65,79,57,65,67,48,55,74,0,67,61,57,61
"Rhys Stanley","GEE","RUC",379000,76,58,71,64,112,0,0,0,0,112,112,112,112
"Rhys Unwin","ESS","MID",113500,23,23,0,0,0,0,0,0,0,0,0,0,0
"Riak Andrew","SYD","DEF",113500,23,23,0,0,0,0,0,0,0,0,0,0,0
"Ricky Mentha","MEL","DEF/FWD",99100,20,20,0,0,0,0,0,0,0,0,0,0,0
"Riley Bice","SYD","DEF",203400,41,-98,0,0,124,96,52,0,0,124,91,91,91
"Riley Garcia","WBD","FWD",368400,74,74,28,68,0,0,0,0,0,0,0,0,0
"Riley Hardeman","NTH","DEF",167200,33,37,0,44,26,0,0,0,0,26,26,26,26
"Riley Thilthorpe","ADE","FWD",442300,89,42,59,71,114,110,97,99,0,114,105,107,105
"River Stevens","NTH","MID/FWD",113500,23,23,0,0,0,0,0,0,0,0,0,0,0
"Rob Monahan","CAR","FWD",119900,24,24,0,0,0,0,0,0,0,0,0,0,0
"Robbie Fox","SYD","DEF/FWD",266400,53,53,67,52,0,0,0,0,0,0,0,0,0
"Robert Hansen","NTH",NULL,176700,35,71,15,32,16,19,55,71,0,16,40,30,40
"Rory Atkins","PTA","DEF",233700,47,47,72,38,0,0,0,0,0,0,0,0,0
"Rory Laird","ADE","MID",526200,105,134,117,105,58,124,89,101,0,58,93,90,93
"Rory Lobb","WBD","DEF",367600,74,70,67,71,72,79,69,55,0,72,69,73,69
"Rowan Marshall","STK","RUC",563600,113,160,114,112,61,117,121,82,0,61,95,100,95
"Ryan Angwin","GWS","MID",242500,49,49,40,56,0,0,0,0,0,0,0,0,0
"Ryan Burton","PTA","DEF",387500,78,126,76,71,78,29,0,0,0,78,54,54,54
"Ryan Byrnes","STK","MID",323100,65,60,62,60,75,59,64,59,0,75,64,66,64
"Ryan Gardner","WBD","DEF",145800,29,29,54,0,0,0,0,0,0,0,0,0,0
"Ryan Lester","BRL","DEF",383700,77,115,73,72,37,78,98,73,0,37,72,71,72
"Ryan Maric","WCE","MID/FWD",320300,64,-19,55,42,88,123,72,33,0,88,79,94,79
"Ryley Sanders","WBD","MID/FWD",353300,71,48,0,63,76,88,62,64,0,76,73,75,73
"Saad El-Hawli","ESS","MID/FWD",119900,24,28,0,0,16,0,0,0,0,16,16,16,16
"Sam Banks","RI","MID",262500,53,59,54,47,60,39,75,0,0,60,58,58,58
"Sam Berry","ADE","MID",342800,69,69,51,62,0,0,0,0,0,0,0,0,0
"Sam Butler","HAW","FWD",126600,25,25,44,24,0,0,0,0,0,0,0,0,0
"Sam Clohesy","GCS","MID",339400,68,100,0,70,16,88,39,0,0,16,48,48,48
"Sam Darcy","WBD","FWD",504000,101,37,19,79,141,125,117,76,0,141,115,128,115
"Sam Davidson","WBD","FWD",252100,50,-32,0,0,54,129,72,39,0,54,74,85,74
"Sam Day","BRL","FWD",287500,58,76,34,70,62,35,50,0,0,62,49,49,49
"Sam De Koning","GEE","DEF",367400,74,79,61,67,92,50,74,109,0,92,81,72,81
"Sam Docherty","CAR","MID",431700,86,108,101,25,82,69,73,67,0,82,73,75,73
"Sam Draper","ESS","RUC",409300,82,106,76,77,68,72,103,0,0,68,81,81,81
"Sam Durham","ESS","MID",478700,96,101,65,90,109,77,92,0,0,109,93,93,93
"Sam Flanders","GCS","DEF/MID",641500,128,230,88,117,84,71,0,0,0,84,78,78,78
"Sam Frost","HAW","DEF",262600,53,124,57,49,19,15,0,0,0,19,17,17,17
"Sam Lalor","RI","MID",248300,50,-8,0,0,112,45,39,74,0,112,68,65,68
"Sam Marshall","BRL","MID",113500,23,23,0,0,0,0,0,0,0,0,0,0,0
"Sam Powell-Pepper","PTA","FWD",236800,47,20,67,53,74,48,83,18,0,74,56,68,56
"Sam Sturt","FRE","FWD",285600,57,57,45,53,0,0,0,0,0,0,0,0,0
"Sam Switkowski","FRE","FWD",416500,83,108,68,75,34,0,0,0,0,34,34,34,34
"Sam Taylor","GWS","DEF",400100,80,84,84,70,66,90,63,139,0,66,90,73,90
"Sam Walsh","CAR","MID",533400,107,126,103,107,108,86,100,81,0,108,94,98,94
"Sam Wicks","SYD","FWD",240700,48,39,59,45,64,42,26,82,0,64,54,44,54
"Samson Ryan","RI","RUC/FWD",237100,47,47,54,44,0,0,0,0,0,0,0,0,0
"Sam Collins","GCS","DEF",410400,82,99,73,81,64,83,73,0,0,64,73,73,73
"Sandy Brock","WCE",NULL,99100,20,-10,0,0,80,0,0,0,0,80,80,80,80
"Scott Pendlebury","COLL","MID",404300,81,51,94,86,106,86,19,61,0,106,68,70,68
"Seamus Mitchell","HAW","DEF",202100,40,40,62,38,0,0,0,0,0,0,0,0,0
"Sean Darcy","FRE","RUC",529400,106,106,105,98,0,0,0,0,0,0,0,0,0
"Sean Lemmens","GCS","DEF",207500,42,42,48,53,0,0,0,0,0,0,0,0,0
"Seth Campbell","RI","FWD",322000,64,54,0,50,67,72,89,68,0,67,74,76,74
"Shadeau Brain","BRL","DEF",250300,50,50,0,46,0,0,0,0,0,0,0,0,0
"Shai Bolton","FRE","MID/FWD",411100,82,66,97,79,87,94,57,0,0,87,79,79,79
"Shane McAdam","MEL","FWD",158400,32,32,67,42,0,0,0,0,0,0,0,0,0
"Shannon Neale","GEE","FWD",292700,59,85,45,56,47,44,59,70,0,47,55,50,55
"Shaun Mannagh","GEE","FWD",405200,81,80,0,74,83,0,0,0,0,83,83,83,83
"Sid Draper","ADE","MID",189500,38,9,0,0,56,49,20,27,0,56,38,42,38
"Steele Sidebottom","COLL","MID",467000,93,49,85,74,124,107,109,68,0,124,102,113,102
"Steely Green","RI","FWD",203700,41,7,0,38,66,49,41,20,0,66,44,52,44
"Stephen Coniglio","GWS","MID",398300,80,104,102,83,53,82,52,0,0,53,62,62,62
"Steven May","MEL","DEF",487500,98,100,84,90,123,70,0,0,0,123,97,97,97
"Taj Hotton","RI","MID/FWD",154000,31,31,0,0,0,0,0,0,0,0,0,0,0
"Taj Woewodin","MEL","DEF",152600,31,24,39,28,43,0,0,0,0,43,43,43,43
"Tanner Bruhn","GEE","MID",393700,79,79,69,72,0,0,0,0,0,0,0,0,0
"Taylor Adams","SYD","MID/FWD",370100,74,93,78,68,36,0,0,0,0,36,36,36,36
"Taylor Duryea","WBD","DEF",324300,65,112,51,60,46,37,0,0,0,46,42,42,42
"Taylor Goad","NTH","RUC",119900,24,24,0,0,0,0,0,0,0,0,0,0,0
"Taylor Walker","ADE","FWD",400400,80,56,90,66,93,91,105,64,0,93,88,96,88
"Ted Clohesy","GEE","MID/FWD",171500,34,-2,22,23,47,58,84,0,0,47,63,63,63
"Tew Jiath","COLL","DEF",119900,24,24,0,24,0,0,0,0,0,0,0,0,0
"Tom Anastasopoulos","PTA","FWD",119900,24,24,0,0,0,0,0,0,0,0,0,0,0
"Thomas Berry","GCS","FWD",275800,55,55,33,51,0,0,0,0,0,0,0,0,0
"Tom Liberatore","WBD","MID",599600,120,125,116,104,102,133,142,120,0,102,124,126,124
"Tom Lynch","RI",NULL,196600,39,39,64,43,37,42,61,0,0,37,47,47,47
"Thomas Sims","RI","RUC/FWD",113500,23,23,0,0,0,0,0,0,0,0,0,0,0
"Tom Stewart","GEE","DEF",483500,97,163,114,100,118,9,100,0,0,118,76,76,76
"Thomson Dow","RI","MID",347400,70,69,57,60,63,77,70,100,0,63,78,70,78
"Tim Kelly","WCE","MID",462700,93,152,103,96,57,69,114,56,0,57,74,80,74
"Tim Membrey","COLL","FWD",352800,71,113,55,64,57,42,121,42,0,57,66,73,66
"Tim Taranto","RI","MID",467400,94,90,107,94,97,94,70,69,0,97,83,87,83
"Tim English","WBD","RUC",530600,106,131,128,108,107,81,113,58,0,107,90,100,90
"Tobie Travaglia","STK","DEF/MID",172000,34,-32,0,0,52,83,0,0,0,52,68,68,68
"Toby Bedford","GWS","MID/FWD",357700,72,39,60,61,79,97,62,67,0,79,76,79,76
"Toby Conway","GEE","RUC",343100,69,69,46,80,0,0,0,0,0,0,0,0,0
"Toby Greene","GWS","FWD",472500,95,62,91,79,149,73,124,75,0,149,105,115,105
"Toby McMullin","GWS","FWD",235800,47,47,18,42,0,0,0,0,0,0,0,0,0
"Toby Murray","ADE","FWD",119900,24,24,0,0,0,0,0,0,0,0,0,0,0
"Toby Nankervis","RI","RUC",543400,109,116,104,110,87,123,67,114,0,87,98,92,98
"Toby Pink","NTH","FWD",209400,42,-4,0,38,66,64,0,0,0,66,65,65,65
"Todd Goldstein","ESS","RUC",377200,75,75,95,70,0,0,0,0,0,0,0,0,0
"Todd Marshall","PTA","FWD",294600,59,59,70,55,0,0,0,0,0,0,0,0,0
"Tom Atkins","GEE","MID",452100,90,84,87,79,82,105,96,85,0,82,92,94,92
"Tom Barrass","HAW","DEF",380700,76,130,80,84,47,52,69,51,0,47,55,56,55
"Tom Brown","RI","DEF",333200,67,55,69,56,68,77,69,84,0,68,75,71,75
"Tom Campbell","MEL","RUC",147100,29,29,0,46,0,0,0,0,0,0,0,0,0
"Tom Cochrane","PTA","MID",99100,20,25,0,0,9,0,0,0,0,9,9,9,9
"Tom Cole","WCE","DEF",307800,62,110,65,67,23,52,39,97,0,23,53,38,53
"Tom De Koning","CAR","RUC",571200,114,109,74,102,101,133,104,148,0,101,122,113,122
"Tom Doedee","BRL","DEF",256800,51,51,68,0,0,0,0,0,0,0,0,0,0
"Thomas Edwards","ESS",NULL,99100,20,1,0,0,10,48,0,0,0,10,29,29,29
"Tom Fullarton","MEL","FWD",119900,24,24,0,0,0,0,0,0,0,0,0,0,0
"Tom Green","GWS","MID",568900,114,125,111,107,128,89,115,0,0,128,111,111,111
"Tom Gross","WCE","MID",113500,23,9,0,0,51,0,0,0,0,51,51,51,51
"Tom Hanily","SYD","MID",165500,33,4,0,0,57,38,47,27,0,57,42,47,42
"Tom McCartin","SYD","DEF",352500,71,68,71,63,56,88,71,52,0,56,67,72,67
"Tom McDonald","MEL","DEF",427600,86,68,60,78,90,99,60,103,0,90,88,83,88
"Tom Mitchell","COLL","MID",395200,79,79,95,82,0,0,0,0,0,0,0,0,0
"Tom Papley","SYD","FWD",393500,79,132,73,80,69,35,54,0,0,69,53,53,53
"Tom Powell","NTH","MID",431900,86,125,56,82,86,48,124,85,0,86,86,86,86
"Tom Sparrow","MEL","MID",325800,65,110,67,65,26,60,68,84,0,26,60,51,60
"Touk Miller","GCS","MID",566600,113,105,98,103,108,127,128,0,0,108,121,121,121
"Travis Boak","PTA","MID",430400,86,105,66,79,75,78,114,0,0,75,89,89,89
"Trent Rivers","MEL","DEF/MID",406300,81,106,85,86,37,101,49,73,0,37,65,62,65
"Tristan Xerri","NTH","RUC",604200,121,180,73,120,94,89,136,122,0,94,110,106,110
"Ty Gallop","BRL","FWD",113500,23,23,0,0,0,0,0,0,0,0,0,0,0
"Tylar Young","RI","DEF",235900,47,47,52,44,0,0,0,0,0,0,0,0,0
"Tyler Brockman","WCE","FWD",221400,44,55,55,42,35,43,46,45,0,35,42,41,42
"Tyler Sonsie","RI","FWD",196200,39,59,30,40,21,38,30,0,0,21,30,30,30
"Tyler Welsh","ADE","FWD",113500,23,23,0,0,0,0,0,0,0,0,0,0,0
"Tyrell Dewar","WCE","FWD",220600,44,36,0,31,50,46,84,27,0,50,52,60,52
"Tyson Stengle","GEE","FWD",351700,70,130,58,72,34,47,81,79,0,34,60,54,60
"Vigo Visentini","ESS","RUC",119900,24,24,0,0,0,0,0,0,0,0,0,0,0
"Wade Derksen","GWS","FWD",119900,24,24,0,0,0,0,0,0,0,0,0,0,0
"Wayne Milera","ADE","DEF",284700,57,59,78,67,73,39,86,58,0,73,64,66,64
"Wil Parker","COLL","DEF",181000,36,36,0,28,0,0,0,0,0,0,0,0,0
"Wil Powell","GCS","DEF",443300,89,111,92,90,98,57,54,0,0,98,70,70,70
"Will Ashcroft","BRL","MID",504400,101,37,85,78,130,136,104,73,0,130,111,123,111
"Will Brodie","FRE","MID",191800,38,38,71,0,0,0,0,0,0,0,0,0,0
"Wil Dawson","NTH","DEF",143300,29,29,0,57,0,0,0,0,0,0,0,0,0
"Will Day","HAW","MID",483900,97,112,97,91,103,76,77,148,0,103,101,85,101
"William Edwards","SYD","DEF",119900,24,24,0,0,0,0,0,0,0,0,0,0,0
"Will Graham","GCS","MID",350200,70,58,0,62,70,82,72,0,0,70,75,75,75
"William Green","SYD","RUC",119900,24,24,0,0,0,0,0,0,0,0,0,0,0
"William Hayes","COLL",NULL,113500,23,23,0,0,0,0,0,0,0,0,0,0,0
"Will Hayward","SYD","FWD",339300,68,51,67,69,114,39,55,51,0,114,65,69,65
"Will Hoskin-Elliott","COLL","FWD",353500,71,79,57,66,54,0,0,0,0,54,54,54,54
"Will Lorenz","PTA","MID",119900,24,24,0,31,0,0,0,0,0,0,0,0,0
"Will McLachlan","BRL","FWD",119900,24,2,0,0,8,62,0,0,0,8,35,35,35
"Will Phillips","NTH","MID",315400,63,84,73,61,48,57,47,0,0,48,51,51,51
"Will Setterfield","ESS","MID",462300,93,93,85,107,0,0,0,0,0,0,0,0,0
"Will Verrall","MEL","RUC",119900,24,24,0,0,0,0,0,0,0,0,0,0,0
"Will White","CAR",NULL,99100,20,15,0,0,29,0,0,0,0,29,29,29,29
"Willem Drew","PTA","MID",452600,91,158,85,92,50,64,123,69,0,50,77,79,77
"William McCabe","HAW","DEF",119900,24,24,0,0,0,0,0,0,0,0,0,0,0
"Willie Rioli","PTA","FWD",327500,66,138,66,65,23,36,119,65,0,23,61,59,61
"Xavier Duursma","ESS","MID",437300,88,91,67,78,118,54,113,0,0,118,95,95,95
"Xavier Ivisic","GEE","MID",99100,20,20,0,0,0,0,0,0,0,0,0,0,0
"Xavier Lindsay","MEL","MID",193400,39,29,0,0,9,78,86,0,0,9,58,58,58
"Xavier O'Halloran","GWS","MID/FWD",231200,46,90,60,54,23,26,38,59,0,23,37,29,37
"Xavier Walsh","PTA","FWD",119900,24,24,0,0,0,0,0,0,0,0,0,0,0
"Zac Bailey","BRL","MID/FWD",407800,82,61,78,70,70,114,64,106,0,70,89,83,89
"Zac Fisher","NTH","DEF",458000,92,92,68,86,0,0,0,0,0,0,0,0,0
"Zac Taylor","ADE","MID/FWD",235300,47,47,0,40,0,0,0,0,0,0,0,0,0
"Zach Guthrie","GEE","DEF",445600,89,86,74,83,114,68,85,102,0,114,92,89,92
"Zach Reid","ESS","DEF",163100,33,-26,0,15,88,36,45,0,0,88,56,56,56
"Zach Merrett","ESS","MID",608500,122,114,116,114,106,145,89,0,0,106,113,113,113
"Zac Williams","CAR","DEF/FWD",313700,63,87,0,68,75,26,59,51,0,75,53,53,53
"Zaine Cordy","STK","DEF",251200,50,60,46,47,31,0,0,0,0,31,31,31,31
"Zak Butters","PTA","MID",648900,130,141,114,121,107,0,0,0,0,107,107,107,107
"Zak Evans","GCS","MID",99100,20,20,0,0,0,0,0,0,0,0,0,0,0
"Zak Johnson","ESS","MID",113500,23,23,0,0,0,0,0,0,0,0,0,0,0
"Zak Jones","STK","MID",368600,74,81,56,59,48,92,111,42,0,48,73,84,73
"Zane Duursma","NTH","FWD",194400,39,39,0,39,0,0,0,0,0,0,0,0,0
"Zane Zakostelsky","BRL","DEF/RUC",119900,24,24,0,0,0,0,0,0,0,0,0,0,0