name,playerId,Season,roundNumber,matchId,TOG,AF,CBA,KI,teamName,CBA_PERC,KI_PERC,SC,TeamCBA,TeamKI,CBA_PERC_chg,KI_PERC_chg
Aaron Cadman,CD_I1019038,2025,4,CD_M20250140406,66,47,0,0,GWS Giants,0,0,55,29,9,0,0
Aaron Naughton,CD_I1002404,2025,4,CD_M20250140408,83,55,0,0,Western Bulldogs,0,0,59,30,7,0,0
Adam Cerra,CD_I1002239,2025,4,CD_M20250140401,78,105,10,0,Carlton,56,0,99,18,15,-6,0
Adam Saad,CD_I295461,2025,4,CD_M20250140401,75,83,0,5,Carlton,0,33,109,18,15,0,-3
Aidan Corr,CD_I294508,2025,4,CD_M20250140405,87,73,0,4,North Melbourne,0,44,81,30,9,0,19
Alex Neal-Bullen,CD_I296420,2025,4,CD_M20250140403,81,62,0,0,Adelaide,0,0,63,30,13,0,0
Alex Pearce,CD_I298409,2025,4,CD_M20250140408,91,48,0,0,Fremantle,0,0,67,30,9,0,0
Aliir Aliir,CD_I294469,2025,4,CD_M20250140407,100,68,0,0,Port Adelaide,0,0,84,26,11,0,0
Andrew Brayshaw,CD_I1002232,2025,4,CD_M20250140408,84,119,24,0,Fremantle,80,0,135,30,9,9,0
Angus Hastie,CD_I1027872,2025,4,CD_M20250140407,31,18,0,0,St Kilda,0,0,38,26,12,0,0
Angus Sheldrick,CD_I1020339,2025,4,CD_M20250140405,24,51,6,0,Sydney Swans,20,0,21,30,4,20,0
Anthony Caminiti,CD_I1023784,2025,4,CD_M20250140407,91,76,0,0,St Kilda,0,0,75,26,12,0,0
Archer Reid,CD_I1027693,2025,4,CD_M20250140406,70,46,0,0,West Coast Eagles,0,0,61,29,12,-18,0
Ashton Moir,CD_I1020097,2025,4,CD_M20250140401,55,5,0,0,Carlton,0,0,1,18,15,0,0
Bailey Banfield,CD_I998180,2025,4,CD_M20250140408,83,50,0,0,Fremantle,0,0,64,30,9,0,0
Bailey Dale,CD_I996708,2025,4,CD_M20250140408,85,87,0,4,Western Bulldogs,0,57,110,30,7,0,24
Bailey Humphrey,CD_I1023500,2025,4,CD_M20250140403,80,60,9,0,Gold Coast Suns,30,0,64,30,6,-11,0
Bailey J. Williams,CD_I1006114,2025,4,CD_M20250140406,77,69,25,0,West Coast Eagles,86,0,53,29,12,7,0
Bailey Scott,CD_I1006058,2025,4,CD_M20250140405,79,41,0,0,North Melbourne,0,0,26,30,9,0,0
Bailey Smith,CD_I1006130,2025,4,CD_M20250140402,83,127,13,0,Geelong Cats,59,0,108,22,10,24,0
Bailey Williams,CD_I992351,2025,4,CD_M20250140408,81,66,0,0,Western Bulldogs,0,0,62,30,7,0,0
Bayley Fritsch,CD_I1001438,2025,4,CD_M20250140402,79,69,0,0,Melbourne,0,0,70,22,13,0,0
Beau McCreery,CD_I1004757,2025,4,CD_M20250140401,70,46,0,0,Collingwood,0,0,48,18,10,0,0
Ben Ainsworth,CD_I998130,2025,4,CD_M20250140403,81,69,0,0,Gold Coast Suns,0,0,74,30,6,0,0
Ben Keays,CD_I993946,2025,4,CD_M20250140403,93,73,0,0,Adelaide,0,0,72,30,13,0,0
Ben King,CD_I1006144,2025,4,CD_M20250140403,83,45,0,0,Gold Coast Suns,0,0,51,30,6,0,0
Ben Long,CD_I993917,2025,4,CD_M20250140403,83,67,0,0,Gold Coast Suns,0,0,56,30,6,0,0
Ben Miller,CD_I1002403,2025,4,CD_M20250140404,93,71,0,0,Richmond,0,0,79,34,10,0,-13
Billy Frampton,CD_I991773,2025,4,CD_M20250140401,96,30,0,0,Collingwood,0,0,56,18,10,0,0
Blake Acres,CD_I296294,2025,4,CD_M20250140401,84,104,0,1,Carlton,0,7,123,18,15,0,7
Bobby Hill,CD_I1006148,2025,4,CD_M20250140401,75,31,0,0,Collingwood,0,0,38,18,10,0,0
Bodhi Uwland,CD_I1017665,2025,4,CD_M20250140403,84,53,0,1,Gold Coast Suns,0,17,65,30,6,0,10
Bradley Close,CD_I999326,2025,4,CD_M20250140402,89,65,0,0,Geelong Cats,0,0,82,22,10,0,0
Bradley Hill,CD_I295584,2025,4,CD_M20250140407,88,73,0,0,St Kilda,0,0,100,26,12,0,0
Brady Hough,CD_I1023167,2025,4,CD_M20250140406,89,37,0,0,West Coast Eagles,0,0,40,29,12,0,0
Braeden Campbell,CD_I1013133,2025,4,CD_M20250140405,83,65,1,0,Sydney Swans,3,0,74,30,4,3,0
Brayden Maynard,CD_I992010,2025,4,CD_M20250140401,78,61,0,1,Collingwood,0,10,99,18,10,0,10
Brennan Cox,CD_I997033,2025,4,CD_M20250140408,83,65,0,1,Fremantle,0,11,80,30,9,0,11
Brent Daniels,CD_I1002251,2025,4,CD_M20250140406,56,50,3,0,GWS Giants,10,0,80,29,9,-12,0
Brodie Grundy,CD_I293957,2025,4,CD_M20250140405,76,83,23,0,Sydney Swans,77,0,113,30,4,77,0
Brodie Kemp,CD_I1009241,2025,4,CD_M20250140401,87,37,0,0,Carlton,0,0,15,18,15,0,0
Brody Mihocek,CD_I291849,2025,4,CD_M20250140401,81,52,0,0,Collingwood,0,0,40,18,10,0,0
Bruce Reville,CD_I1009317,2025,4,CD_M20250140404,75,58,0,0,Brisbane Lions,0,0,43,34,11,0,0
Buku Khamis,CD_I998782,2025,4,CD_M20250140408,96,47,0,0,Western Bulldogs,0,0,60,30,7,0,0
Caiden Cleary,CD_I1024057,2025,4,CD_M20250140405,79,68,2,0,Sydney Swans,7,0,66,30,4,7,0
Caleb Daniel,CD_I295136,2025,4,CD_M20250140405,85,88,0,5,North Melbourne,0,56,92,30,9,0,23
Caleb Serong,CD_I1009420,2025,4,CD_M20250140408,85,121,27,0,Fremantle,90,0,142,30,9,19,0
Caleb Windsor,CD_I1027821,2025,4,CD_M20250140402,64,51,0,0,Melbourne,0,0,33,22,13,0,0
Callan Ward,CD_I280109,2025,4,CD_M20250140406,74,49,2,0,GWS Giants,7,0,69,29,9,7,0
Callum Ah Chee,CD_I298437,2025,4,CD_M20250140404,81,61,0,0,Brisbane Lions,0,0,63,34,11,0,0
Callum Brown,CD_I1014038,2025,4,CD_M20250140406,81,38,0,0,GWS Giants,0,0,44,29,9,0,0
Callum Wilkie,CD_I296422,2025,4,CD_M20250140407,100,85,0,0,St Kilda,0,0,114,26,12,0,0
Cameron Rayner,CD_I1002235,2025,4,CD_M20250140404,79,85,7,0,Brisbane Lions,21,0,80,34,11,8,0
Cameron Zurhaar,CD_I998484,2025,4,CD_M20250140405,89,57,0,0,North Melbourne,0,0,51,30,9,-3,0
Chad Warner,CD_I1012014,2025,4,CD_M20250140405,59,41,10,0,Sydney Swans,33,0,54,30,4,33,0
Charlie Cameron,CD_I990609,2025,4,CD_M20250140404,84,50,0,0,Brisbane Lions,0,0,52,34,11,0,0
Charlie Comben,CD_I1015781,2025,4,CD_M20250140405,87,48,0,0,North Melbourne,0,0,63,30,9,0,-17
Charlie Curnow,CD_I996731,2025,4,CD_M20250140401,95,37,0,0,Carlton,0,0,48,18,15,0,0
Charlie Spargo,CD_I1002282,2025,4,CD_M20250140402,18,-1,0,0,Melbourne,0,0,-2,22,13,0,0
Christian Moraes,CD_I1028563,2025,4,CD_M20250140407,72,54,0,0,Port Adelaide,0,0,43,26,11,0,0
Christian Petracca,CD_I298210,2025,4,CD_M20250140402,84,77,11,0,Melbourne,50,0,92,22,13,-2,0
Christian Salem,CD_I296359,2025,4,CD_M20250140402,84,74,0,1,Melbourne,0,8,64,22,13,0,0
Clay Hall,CD_I1024188,2025,4,CD_M20250140406,72,48,22,0,West Coast Eagles,76,0,68,29,12,76,0
Clayton Oliver,CD_I996701,2025,4,CD_M20250140402,78,104,17,0,Melbourne,77,0,98,22,13,5,0
Colby McKercher,CD_I1024272,2025,4,CD_M20250140405,81,79,0,0,North Melbourne,0,0,80,30,9,-3,0
Connor Budarick,CD_I1008454,2025,4,CD_M20250140403,70,37,0,0,Gold Coast Suns,0,0,32,30,6,0,0
Connor Idun,CD_I1008083,2025,4,CD_M20250140406,87,100,0,0,GWS Giants,0,0,110,29,9,0,0
Connor O'Sullivan,CD_I1027877,2025,4,CD_M20250140402,95,96,0,0,Geelong Cats,0,0,103,22,10,0,0
Connor Rozee,CD_I1001299,2025,4,CD_M20250140407,81,84,18,0,Port Adelaide,69,0,76,26,11,-12,0
Conor Stone,CD_I1015862,2025,4,CD_M20250140406,78,28,0,0,GWS Giants,0,0,29,29,9,0,0
Cooper Lord,CD_I1032108,2025,4,CD_M20250140401,70,74,5,0,Carlton,28,0,74,18,15,28,0
Cooper Sharman,CD_I1018018,2025,4,CD_M20250140407,96,70,0,0,St Kilda,0,0,100,26,12,0,0
Corey Wagner,CD_I993940,2025,4,CD_M20250140408,54,14,0,0,Fremantle,0,0,18,30,9,0,0
Corey Warner,CD_I1018424,2025,4,CD_M20250140405,85,42,0,0,Sydney Swans,0,0,35,30,4,0,0
Dan Houston,CD_I994295,2025,4,CD_M20250140401,81,80,0,2,Collingwood,0,20,103,18,10,0,20
Dane Rampe,CD_I290307,2025,4,CD_M20250140405,78,67,0,0,Sydney Swans,0,0,62,30,4,0,0
Daniel Curtin,CD_I1024023,2025,4,CD_M20250140403,77,53,0,0,Adelaide,0,0,65,30,13,0,0
Daniel McStay,CD_I297504,2025,4,CD_M20250140401,77,72,4,0,Collingwood,22,0,72,18,10,22,0
Daniel Rioli,CD_I1000981,2025,4,CD_M20250140403,80,113,0,0,Gold Coast Suns,0,0,163,30,6,0,-7
Daniel Turner,CD_I1020959,2025,4,CD_M20250140402,80,55,0,0,Melbourne,0,0,72,22,13,0,0
Darcy Byrne-Jones,CD_I991930,2025,4,CD_M20250140407,77,24,0,0,Port Adelaide,0,0,31,26,11,0,0
Darcy Cameron,CD_I990291,2025,4,CD_M20250140401,77,126,14,0,Collingwood,78,0,91,18,10,78,0
Darcy Fogarty,CD_I999331,2025,4,CD_M20250140403,85,64,0,0,Adelaide,0,0,84,30,13,0,0
Darcy Jones,CD_I1020650,2025,4,CD_M20250140406,83,123,3,0,GWS Giants,10,0,160,29,9,10,0
Darcy Moore,CD_I298288,2025,4,CD_M20250140401,100,53,0,1,Collingwood,0,10,73,18,10,0,10
Darcy Tucker,CD_I993816,2025,4,CD_M20250140405,84,78,0,0,North Melbourne,0,0,85,30,9,0,-8
Darcy Wilmot,CD_I1017067,2025,4,CD_M20250140404,83,80,0,2,Brisbane Lions,0,18,79,34,11,0,18
Darcy Wilson,CD_I1027875,2025,4,CD_M20250140407,86,71,0,0,St Kilda,0,0,63,26,12,-3,0
Dayne Zorko,CD_I261224,2025,4,CD_M20250140404,86,79,0,8,Brisbane Lions,0,73,94,34,11,0,16
Dylan Stephens,CD_I1004848,2025,4,CD_M20250140405,80,67,0,0,North Melbourne,0,0,72,30,9,0,0
Ed Langdon,CD_I298264,2025,4,CD_M20250140402,95,67,0,0,Melbourne,0,0,81,22,13,-3,0
Ed Richards,CD_I1008280,2025,4,CD_M20250140408,81,83,25,0,Western Bulldogs,83,0,97,30,7,18,0
Eric Hipwood,CD_I993953,2025,4,CD_M20250140404,83,39,0,0,Brisbane Lions,0,0,24,34,11,0,0
Esava Ratugolea,CD_I1002220,2025,4,CD_M20250140407,87,41,0,0,Port Adelaide,0,0,60,26,11,0,0
Ethan Read,CD_I1027033,2025,4,CD_M20250140403,66,37,4,0,Gold Coast Suns,13,0,30,30,6,-8,0
Finn Callaghan,CD_I1023266,2025,4,CD_M20250140406,77,79,20,0,GWS Giants,69,0,72,29,9,-5,0
George Hewett,CD_I294036,2025,4,CD_M20250140401,81,109,10,0,Carlton,56,0,125,18,15,-17,0
Griffin Logue,CD_I997933,2025,4,CD_M20250140405,74,64,0,0,North Melbourne,0,0,75,30,9,0,0
Gryan Miers,CD_I1004938,2025,4,CD_M20250140402,85,101,0,0,Geelong Cats,0,0,95,22,10,0,0
Hamish Davis,CD_I1032624,2025,4,CD_M20250140406,33,19,0,0,West Coast Eagles,0,0,22,29,12,0,0
Harley Reid,CD_I1023492,2025,4,CD_M20250140406,85,64,3,2,West Coast Eagles,10,17,72,29,12,-36,17
Harris Andrews,CD_I996059,2025,4,CD_M20250140404,95,55,0,0,Brisbane Lions,0,0,45,34,11,0,-29
Harrison Petty,CD_I1008893,2025,4,CD_M20250140402,92,16,0,1,Melbourne,0,8,18,22,13,0,8
Harry Armstrong,CD_I1028525,2025,4,CD_M20250140404,81,69,0,0,Richmond,0,0,38,34,10,0,0
Harrison Himmelberg,CD_I993107,2025,4,CD_M20250140406,85,100,0,4,GWS Giants,0,44,124,29,9,0,25
Harry Perryman,CD_I998205,2025,4,CD_M20250140401,76,95,10,0,Collingwood,56,0,101,18,10,56,0
Harry Sharp,CD_I1007099,2025,4,CD_M20250140402,59,21,0,0,Melbourne,0,0,22,22,13,0,0
Harry Sheezel,CD_I1023518,2025,4,CD_M20250140405,92,125,12,0,North Melbourne,40,0,144,30,9,10,-8
Harvey Gallagher,CD_I1017087,2025,4,CD_M20250140408,45,28,0,0,Western Bulldogs,0,0,31,30,7,0,0
Harvey Langford,CD_I1028546,2025,4,CD_M20250140402,63,36,13,0,Melbourne,59,0,39,22,13,4,0
Hayden McLean,CD_I1003203,2025,4,CD_M20250140405,76,41,0,0,Sydney Swans,0,0,53,30,4,0,0
Heath Chapman,CD_I1013224,2025,4,CD_M20250140408,80,65,0,0,Fremantle,0,0,74,30,9,0,0
Hugh McCluggage,CD_I1000978,2025,4,CD_M20250140404,88,141,24,0,Brisbane Lions,71,0,156,34,11,6,0
Hugo Garcia,CD_I1027790,2025,4,CD_M20250140407,66,42,17,0,St Kilda,65,0,54,26,12,7,0
Isaac Cumming,CD_I1001396,2025,4,CD_M20250140403,86,97,0,0,Adelaide,0,0,79,30,13,0,0
Isaac Heeney,CD_I298539,2025,4,CD_M20250140405,77,76,21,0,Sydney Swans,70,0,94,30,4,70,0
Isaac Keeler,CD_I1015323,2025,4,CD_M20250140407,50,7,2,0,St Kilda,8,0,18,26,12,-8,0
Isaac Quaynor,CD_I1008089,2025,4,CD_M20250140401,72,36,0,0,Collingwood,0,0,39,18,10,0,0
Isaiah Dudley,CD_I1011558,2025,4,CD_M20250140408,71,56,0,0,Fremantle,0,0,46,30,9,0,0
Izak Rankine,CD_I1001195,2025,4,CD_M20250140403,82,69,20,0,Adelaide,67,0,81,30,13,-3,0
Jack Bowes,CD_I998260,2025,4,CD_M20250140402,64,82,10,0,Geelong Cats,45,0,87,22,10,10,0
Jack Buckley,CD_I1009708,2025,4,CD_M20250140406,88,35,0,0,GWS Giants,0,0,54,29,9,0,0
Jack Crisp,CD_I293871,2025,4,CD_M20250140401,80,76,0,0,Collingwood,0,0,79,18,10,0,0
Jack Darling,CD_I290838,2025,4,CD_M20250140405,82,13,6,0,North Melbourne,20,0,30,30,9,2,0
Jack Graham,CD_I990827,2025,4,CD_M20250140406,89,64,7,0,West Coast Eagles,24,0,64,29,12,-40,0
Jack Henderson,CD_I1008183,2025,4,CD_M20250140402,73,37,0,0,Melbourne,0,0,32,22,13,0,0
Jack Henry,CD_I1000937,2025,4,CD_M20250140402,40,46,0,0,Geelong Cats,0,0,51,22,10,0,0
Jack Higgins,CD_I1002227,2025,4,CD_M20250140407,82,70,0,0,St Kilda,0,0,96,26,12,0,0
Jackson Macrae,CD_I295467,2025,4,CD_M20250140407,92,84,25,0,St Kilda,96,0,100,26,12,6,0
Jack Payne,CD_I1002347,2025,4,CD_M20250140404,89,75,0,0,Brisbane Lions,0,0,92,34,11,0,0
Jack Ross,CD_I1006133,2025,4,CD_M20250140404,85,83,1,0,Richmond,3,0,67,34,10,-36,0
Jack Silvagni,CD_I1001028,2025,4,CD_M20250140401,95,74,0,0,Carlton,0,0,71,18,15,0,-9
Jack Sinclair,CD_I994389,2025,4,CD_M20250140407,83,95,1,6,St Kilda,4,50,118,26,12,4,-14
Jack Viney,CD_I291902,2025,4,CD_M20250140402,72,50,12,0,Melbourne,55,0,54,22,13,-17,0
Jack Williams,CD_I1020371,2025,4,CD_M20250140406,77,66,4,0,West Coast Eagles,14,0,62,29,12,10,0
Jackson Mead,CD_I1005326,2025,4,CD_M20250140407,70,54,5,0,Port Adelaide,19,0,74,26,11,5,0
Jacob Bauer,CD_I1021152,2025,4,CD_M20250140404,20,14,0,0,Richmond,0,0,3,34,10,0,0
Jacob Blight,CD_I1013229,2025,4,CD_M20250140404,89,48,6,0,Richmond,18,0,46,34,10,2,0
Jacob Hopper,CD_I993903,2025,4,CD_M20250140404,74,103,25,0,Richmond,74,0,119,34,10,-3,0
Jacob Konstanty,CD_I1023530,2025,4,CD_M20250140405,68,55,0,0,North Melbourne,0,0,57,30,9,0,0
Jacob Wehr,CD_I1004530,2025,4,CD_M20250140406,82,52,0,0,GWS Giants,0,0,52,29,9,0,0
Jacob Weitering,CD_I993832,2025,4,CD_M20250140401,100,67,0,0,Carlton,0,0,74,18,15,0,0
Jacob van Rooyen,CD_I1017720,2025,4,CD_M20250140402,77,41,3,0,Melbourne,14,0,67,22,13,4,0
Jaeger O'Meara,CD_I294613,2025,4,CD_M20250140408,76,42,12,0,Fremantle,40,0,46,30,9,40,0
Jake Bowey,CD_I1012825,2025,4,CD_M20250140402,81,76,0,3,Melbourne,0,23,81,22,13,0,15
Jake Lloyd,CD_I295342,2025,4,CD_M20250140405,79,114,0,0,Sydney Swans,0,0,99,30,4,0,0
Jake Melksham,CD_I280824,2025,4,CD_M20250140402,78,36,0,0,Melbourne,0,0,43,22,13,0,0
Jake Riccardi,CD_I1008123,2025,4,CD_M20250140406,63,74,5,0,GWS Giants,17,0,77,29,9,17,0
Jake Rogers,CD_I1018123,2025,4,CD_M20250140403,28,10,0,0,Gold Coast Suns,0,0,21,30,6,-7,0
Jake Soligo,CD_I1017109,2025,4,CD_M20250140403,86,92,22,0,Adelaide,73,0,126,30,13,3,0
Jake Stringer,CD_I293884,2025,4,CD_M20250140406,84,42,3,0,GWS Giants,10,0,49,29,9,10,0
James Borlase,CD_I1009029,2025,4,CD_M20250140403,78,19,0,0,Adelaide,0,0,26,30,13,0,0
James Harmes,CD_I297899,2025,4,CD_M20250140408,74,103,2,0,Western Bulldogs,7,0,100,30,7,3,0
James Jordon,CD_I1013409,2025,4,CD_M20250140405,93,69,28,0,Sydney Swans,93,0,71,30,4,93,0
James O'Donnell,CD_I1032966,2025,4,CD_M20250140408,84,45,2,0,Western Bulldogs,7,0,43,30,7,3,0
James Peatling,CD_I1006013,2025,4,CD_M20250140403,86,112,9,0,Adelaide,30,0,126,30,13,15,0
James Rowbottom,CD_I1006126,2025,4,CD_M20250140405,76,86,22,0,Sydney Swans,73,0,74,30,4,73,0
James Trezise,CD_I1031829,2025,4,CD_M20250140404,81,69,1,0,Richmond,3,0,78,34,10,3,0
Jamie Cripps,CD_I290826,2025,4,CD_M20250140406,83,54,0,0,West Coast Eagles,0,0,58,29,12,0,0
Jamie Elliott,CD_I293801,2025,4,CD_M20250140401,85,49,0,0,Collingwood,0,0,59,18,10,0,0
Jarrod Berry,CD_I998133,2025,4,CD_M20250140404,79,68,0,0,Brisbane Lions,0,0,74,34,11,0,0
Jarrod Witts,CD_I291975,2025,4,CD_M20250140403,87,96,26,0,Gold Coast Suns,87,0,100,30,6,8,0
Jase Burgoyne,CD_I1013462,2025,4,CD_M20250140407,91,61,0,1,Port Adelaide,0,9,41,26,11,0,-8
Jason Horne-Francis,CD_I1011640,2025,4,CD_M20250140407,86,125,19,0,Port Adelaide,73,0,153,26,11,2,0
Jaspa Fletcher,CD_I1023708,2025,4,CD_M20250140404,79,101,0,0,Brisbane Lions,0,0,99,34,11,0,0
Jayden Hunt,CD_I994385,2025,4,CD_M20250140406,80,45,0,0,West Coast Eagles,0,0,39,29,12,0,0
Jayden Short,CD_I992049,2025,4,CD_M20250140404,86,97,0,3,Richmond,0,30,86,34,10,0,3
Jed Walter,CD_I1023736,2025,4,CD_M20250140403,63,68,0,0,Gold Coast Suns,0,0,71,30,6,0,0
Jeremy Cameron,CD_I293845,2025,4,CD_M20250140402,88,100,0,1,Geelong Cats,0,10,105,22,10,0,10
Jeremy Howe,CD_I291313,2025,4,CD_M20250140401,86,45,0,4,Collingwood,0,40,51,18,10,0,40
Jeremy Sharp,CD_I1009380,2025,4,CD_M20250140408,97,67,0,0,Fremantle,0,0,64,30,9,0,0
Jesse Hogan,CD_I296324,2025,4,CD_M20250140406,92,117,0,0,GWS Giants,0,0,138,29,9,0,0
Jesse Motlop,CD_I1017700,2025,4,CD_M20250140401,82,46,3,0,Carlton,17,0,37,18,15,2,0
Jimmy Webster,CD_I290757,2025,4,CD_M20250140407,72,36,0,0,St Kilda,0,0,37,26,12,0,0
Joe Berry,CD_I1028529,2025,4,CD_M20250140407,38,28,0,0,Port Adelaide,0,0,34,26,11,0,0
Joe Richards,CD_I1008239,2025,4,CD_M20250140407,73,72,0,0,Port Adelaide,0,0,81,26,11,0,0
Joel Amartey,CD_I1008091,2025,4,CD_M20250140405,77,67,0,0,Sydney Swans,0,0,85,30,4,0,0
Joel Freijah,CD_I1027704,2025,4,CD_M20250140408,79,44,8,0,Western Bulldogs,27,0,49,30,7,0,0
Joel Hamling,CD_I295222,2025,4,CD_M20250140405,90,35,0,0,Sydney Swans,0,0,54,30,4,0,0
Joel Jeffrey,CD_I1005992,2025,4,CD_M20250140403,77,69,0,2,Gold Coast Suns,0,33,80,30,6,0,4
John Noble,CD_I1000072,2025,4,CD_M20250140403,85,82,0,1,Gold Coast Suns,0,17,67,30,6,0,-4
Jordan Clark,CD_I1006152,2025,4,CD_M20250140408,85,92,0,2,Fremantle,0,22,101,30,9,0,-7
Jordan Dawson,CD_I992242,2025,4,CD_M20250140403,77,118,24,0,Adelaide,80,0,124,30,13,-2,0
Jordan De Goey,CD_I994185,2025,4,CD_M20250140401,62,41,7,0,Collingwood,39,0,79,18,10,39,0
Jordon Sweet,CD_I992330,2025,4,CD_M20250140407,85,71,22,0,Port Adelaide,85,0,77,26,11,14,0
Josh Daicos,CD_I1005054,2025,4,CD_M20250140401,87,99,0,2,Collingwood,0,20,91,18,10,0,20
Josh Dolan,CD_I1034235,2025,4,CD_M20250140408,71,24,0,0,Western Bulldogs,0,0,26,30,7,0,0
Josh Dunkley,CD_I993834,2025,4,CD_M20250140404,82,116,23,0,Brisbane Lions,68,0,114,34,11,-19,0
Joshua Kelly,CD_I296347,2025,4,CD_M20250140406,86,98,13,0,GWS Giants,45,0,108,29,9,2,0
Josh Sinn,CD_I1017078,2025,4,CD_M20250140407,79,48,0,3,Port Adelaide,0,27,53,26,11,0,-1
Josh Treacy,CD_I1012819,2025,4,CD_M20250140408,97,100,0,0,Fremantle,0,0,108,30,9,0,0
Josh Worrell,CD_I1011981,2025,4,CD_M20250140403,86,58,0,4,Adelaide,0,31,51,30,13,0,11
Josh Draper,CD_I1020668,2025,4,CD_M20250140408,87,30,0,0,Fremantle,0,0,57,30,9,0,0
Jy Simpkin,CD_I993998,2025,4,CD_M20250140405,81,85,16,0,North Melbourne,53,0,62,30,9,17,0
Jye Amiss,CD_I1020594,2025,4,CD_M20250140408,87,38,0,0,Fremantle,0,0,37,30,9,0,0
Kade Chandler,CD_I1005330,2025,4,CD_M20250140402,94,47,0,0,Melbourne,0,0,54,22,13,0,0
Kaleb Smith,CD_I1022999,2025,4,CD_M20250140404,84,34,0,0,Richmond,0,0,22,34,10,0,0
Kamdyn McIntosh,CD_I294592,2025,4,CD_M20250140404,65,49,17,0,Richmond,50,0,43,34,10,18,0
Kane Farrell,CD_I1002253,2025,4,CD_M20250140407,83,62,0,6,Port Adelaide,0,55,70,26,11,0,22
Karl Worner,CD_I1021015,2025,4,CD_M20250140408,31,26,0,0,Fremantle,0,0,28,30,9,0,-14
Kieren Briggs,CD_I1008436,2025,4,CD_M20250140406,79,96,24,0,GWS Giants,83,0,107,29,9,-8,0
Kysaiah Pickett,CD_I1008541,2025,4,CD_M20250140402,83,87,13,0,Melbourne,59,0,91,22,13,59,0
Lachlan Ash,CD_I1009253,2025,4,CD_M20250140406,84,95,0,1,GWS Giants,0,11,130,29,9,0,-20
Lachlan Fogarty,CD_I1002228,2025,4,CD_M20250140401,75,49,0,0,Carlton,0,0,58,18,15,-8,0
Lachlan Jones,CD_I1011583,2025,4,CD_M20250140407,77,48,0,0,Port Adelaide,0,0,82,26,11,0,0
Lachie Neale,CD_I293535,2025,4,CD_M20250140404,88,115,30,0,Brisbane Lions,88,0,130,34,11,31,0
Lachlan Schultz,CD_I1000860,2025,4,CD_M20250140401,84,107,0,0,Collingwood,0,0,117,18,10,0,0
Lachlan Weller,CD_I298524,2025,4,CD_M20250140403,82,52,0,0,Gold Coast Suns,0,0,56,30,6,-14,0
Lachie Whitfield,CD_I294305,2025,4,CD_M20250140406,80,139,0,4,GWS Giants,0,44,148,29,9,0,-6
Lachlan Bramble,CD_I1000864,2025,4,CD_M20250140408,76,65,0,2,Western Bulldogs,0,29,57,30,7,0,-27
Lachlan Cowan,CD_I1021353,2025,4,CD_M20250140401,15,10,0,0,Carlton,0,0,15,18,15,0,0
Lachlan McNeil,CD_I1009015,2025,4,CD_M20250140408,82,51,0,0,Western Bulldogs,0,0,56,30,7,0,0
Lachlan Murphy,CD_I1000998,2025,4,CD_M20250140403,64,48,0,0,Adelaide,0,0,58,30,13,0,0
Lachlan Sholl,CD_I1006136,2025,4,CD_M20250140403,84,40,0,0,Adelaide,0,0,48,30,13,0,0
Laitham Vandermeer,CD_I1005000,2025,4,CD_M20250140408,38,13,0,0,Western Bulldogs,0,0,11,30,7,0,0
Lance Collard,CD_I1017959,2025,4,CD_M20250140407,66,55,0,0,St Kilda,0,0,81,26,12,0,0
Lawson Humphries,CD_I1013464,2025,4,CD_M20250140402,94,115,0,4,Geelong Cats,0,40,86,22,10,0,-20
Levi Ashcroft,CD_I1028560,2025,4,CD_M20250140404,72,82,0,0,Brisbane Lions,0,0,87,34,11,0,0
Lewis Young,CD_I997316,2025,4,CD_M20250140401,79,64,4,0,Carlton,22,0,67,18,15,10,0
Liam Baker,CD_I1000223,2025,4,CD_M20250140406,81,86,15,0,West Coast Eagles,52,0,86,29,12,-12,-6
Liam Duggan,CD_I298268,2025,4,CD_M20250140406,77,76,0,2,West Coast Eagles,0,17,74,29,12,-4,5
Liam Jones,CD_I281078,2025,4,CD_M20250140408,85,46,0,0,Western Bulldogs,0,0,65,30,7,0,0
Liam Stocker,CD_I1008312,2025,4,CD_M20250140407,87,52,8,0,St Kilda,31,0,83,26,12,31,0
Logan Evans,CD_I1019938,2025,4,CD_M20250140407,48,23,0,1,Port Adelaide,0,9,20,26,11,0,-8
Logan Morris,CD_I1028019,2025,4,CD_M20250140404,60,66,0,0,Brisbane Lions,0,0,75,34,11,0,0
Luke Davies-Uniacke,CD_I1002267,2025,4,CD_M20250140405,81,99,21,0,North Melbourne,70,0,104,30,9,-9,0
Luke Jackson,CD_I1009399,2025,4,CD_M20250140408,59,74,23,0,Fremantle,77,0,115,30,9,-9,0
Luke McDonald,CD_I296355,2025,4,CD_M20250140405,84,72,0,0,North Melbourne,0,0,79,30,9,0,-8
Luke Nankervis,CD_I1021031,2025,4,CD_M20250140403,25,14,0,0,Adelaide,0,0,26,30,13,0,0
Luke Parker,CD_I290778,2025,4,CD_M20250140405,75,113,22,0,North Melbourne,73,0,121,30,9,21,0
Luke Ryan,CD_I998659,2025,4,CD_M20250140408,97,109,0,6,Fremantle,0,67,134,30,9,0,10
Luke Trainor,CD_I1028521,2025,4,CD_M20250140404,81,74,0,1,Richmond,0,10,82,34,10,0,-3
Mac Andrew,CD_I1017396,2025,4,CD_M20250140403,92,49,0,0,Gold Coast Suns,0,0,80,30,6,0,-21
Marcus Windhager,CD_I1023270,2025,4,CD_M20250140407,73,54,18,0,St Kilda,69,0,47,26,12,-18,0
Mark Keane,CD_I1013974,2025,4,CD_M20250140403,94,32,0,3,Adelaide,0,23,34,30,13,0,3
Mark O'Connor,CD_I1007102,2025,4,CD_M20250140402,40,68,0,0,Geelong Cats,0,0,65,22,10,0,0
Mason Wood,CD_I295340,2025,4,CD_M20250140407,90,50,0,0,St Kilda,0,0,54,26,12,0,0
Matthew Roberts,CD_I1012210,2025,4,CD_M20250140405,92,78,0,3,Sydney Swans,0,75,77,30,4,0,75
Matt Rowell,CD_I1009208,2025,4,CD_M20250140403,85,74,25,0,Gold Coast Suns,83,0,74,30,6,7,0
Matt Whitlock,CD_I1028547,2025,4,CD_M20250140405,58,36,0,0,North Melbourne,0,0,29,30,9,0,0
Matt Johnson,CD_I1016825,2025,4,CD_M20250140408,68,44,13,0,Fremantle,43,0,52,30,9,-28,0
Matthew Kennedy,CD_I1001398,2025,4,CD_M20250140408,73,95,22,0,Western Bulldogs,73,0,90,30,7,-8,0
Matt Owies,CD_I1013973,2025,4,CD_M20250140406,82,39,0,0,West Coast Eagles,0,0,32,29,12,0,0
Max Gawn,CD_I290528,2025,4,CD_M20250140402,85,95,19,0,Melbourne,86,0,122,22,13,10,0
Max Hall,CD_I1020855,2025,4,CD_M20250140407,75,36,0,0,St Kilda,0,0,56,26,12,0,0
Max Holmes,CD_I1015889,2025,4,CD_M20250140402,82,68,18,0,Geelong Cats,82,0,72,22,10,12,-10
Max Michalanney,CD_I1015370,2025,4,CD_M20250140403,92,36,0,0,Adelaide,0,0,34,30,13,0,0
Michael Frederick,CD_I999321,2025,4,CD_M20250140408,78,80,0,0,Fremantle,0,0,79,30,9,0,0
Miles Bergman,CD_I1009191,2025,4,CD_M20250140407,84,113,0,0,Port Adelaide,0,0,116,26,11,0,-6
Mitch Georgiades,CD_I1010174,2025,4,CD_M20250140407,88,96,0,0,Port Adelaide,0,0,112,26,11,0,0
Mitch McGovern,CD_I297255,2025,4,CD_M20250140401,81,69,0,4,Carlton,0,27,69,18,15,0,0
Mitchito Owens,CD_I1023272,2025,4,CD_M20250140407,88,49,1,0,St Kilda,4,0,70,26,12,4,0
Mitchell Hinge,CD_I1004863,2025,4,CD_M20250140403,81,86,0,4,Adelaide,0,31,116,30,13,0,31
Murphy Reid,CD_I1028513,2025,4,CD_M20250140408,91,53,0,0,Fremantle,0,0,73,30,9,0,0
Nasiah Wanganeen-Milera,CD_I1015507,2025,4,CD_M20250140407,85,91,0,5,St Kilda,0,42,123,26,12,0,6
Nathan Broad,CD_I295203,2025,4,CD_M20250140404,96,67,0,1,Richmond,0,10,87,34,10,0,3
Nathan O'Driscoll,CD_I1013220,2025,4,CD_M20250140408,55,65,0,0,Fremantle,0,0,46,30,9,-7,0
Ned Long,CD_I1017124,2025,4,CD_M20250140401,24,31,4,0,Collingwood,22,0,26,18,10,22,0
Nick Blakey,CD_I1006028,2025,4,CD_M20250140405,81,60,0,0,Sydney Swans,0,0,82,30,4,0,0
Nick Daicos,CD_I1023261,2025,4,CD_M20250140401,85,76,16,0,Collingwood,89,0,94,18,10,89,0
Nick Haynes,CD_I295265,2025,4,CD_M20250140401,84,54,0,0,Carlton,0,0,64,18,15,0,0
Nick Larkey,CD_I1001017,2025,4,CD_M20250140405,86,45,1,0,North Melbourne,3,0,45,30,9,3,0
Nick Vlastuin,CD_I294674,2025,4,CD_M20250140404,84,74,0,3,Richmond,0,30,85,34,10,0,10
Noah Anderson,CD_I1009199,2025,4,CD_M20250140403,91,92,27,0,Gold Coast Suns,90,0,102,30,6,7,0
Noah Answerth,CD_I1005053,2025,4,CD_M20250140404,82,48,0,0,Brisbane Lions,0,0,57,34,11,0,0
Noah Long,CD_I1023496,2025,4,CD_M20250140406,44,13,0,0,West Coast Eagles,0,0,6,29,12,0,0
Oisin Mullin,CD_I1024982,2025,4,CD_M20250140402,84,81,0,0,Geelong Cats,0,0,69,22,10,0,0
Ollie Dempsey,CD_I1025034,2025,4,CD_M20250140402,93,103,0,0,Geelong Cats,0,0,96,22,10,0,0
Oliver Florent,CD_I998103,2025,4,CD_M20250140405,90,91,0,0,Sydney Swans,0,0,83,30,4,0,0
Oliver Henry,CD_I1012860,2025,4,CD_M20250140402,75,40,0,0,Geelong Cats,0,0,32,22,10,0,0
Oliver Hollands,CD_I1023495,2025,4,CD_M20250140401,85,87,0,3,Carlton,0,20,82,18,15,0,20
Ollie Lord,CD_I1012881,2025,4,CD_M20250140407,80,56,0,0,Port Adelaide,0,0,85,26,11,0,0
Oliver Wines,CD_I294318,2025,4,CD_M20250140407,77,78,14,0,Port Adelaide,54,0,94,26,11,-13,0
Oscar Allen,CD_I1004385,2025,4,CD_M20250140406,93,52,0,0,West Coast Eagles,0,0,53,29,12,0,0
Oscar McInerney,CD_I1005521,2025,4,CD_M20250140404,79,82,29,0,Brisbane Lions,85,0,114,34,11,85,0
Oskar Baker,CD_I1008855,2025,4,CD_M20250140408,78,84,0,1,Western Bulldogs,0,14,58,30,7,0,14
Patrick Cripps,CD_I990704,2025,4,CD_M20250140401,80,53,14,0,Carlton,78,0,56,18,15,1,0
Patrick Dangerfield,CD_I270917,2025,4,CD_M20250140402,71,94,11,0,Geelong Cats,50,0,112,22,10,-15,0
Patrick Lipinski,CD_I1003130,2025,4,CD_M20250140401,84,67,0,0,Collingwood,0,0,76,18,10,0,0
Patrick Voss,CD_I1017754,2025,4,CD_M20250140408,83,47,7,0,Fremantle,23,0,55,30,9,9,0
Paul Curtis,CD_I1002947,2025,4,CD_M20250140405,79,88,0,0,North Melbourne,0,0,125,30,9,0,0
Peter Ladhams,CD_I997142,2025,4,CD_M20250140405,70,64,7,0,Sydney Swans,23,0,40,30,4,23,0
Reilly O'Brien,CD_I297523,2025,4,CD_M20250140403,81,54,24,0,Adelaide,80,0,68,30,13,-14,0
Reuben Ginbey,CD_I1023025,2025,4,CD_M20250140406,90,62,0,0,West Coast Eagles,0,0,78,29,12,0,0
Rhylee West,CD_I1006127,2025,4,CD_M20250140408,82,64,0,0,Western Bulldogs,0,0,67,30,7,-4,0
Rhys Stanley,CD_I280317,2025,4,CD_M20250140402,76,78,16,0,Geelong Cats,73,0,112,22,10,73,0
Riley Bice,CD_I1008224,2025,4,CD_M20250140405,85,125,0,1,Sydney Swans,0,25,124,30,4,0,25
Riley Hardeman,CD_I1023625,2025,4,CD_M20250140405,32,24,0,0,North Melbourne,0,0,26,30,9,0,0
Riley Thilthorpe,CD_I1008384,2025,4,CD_M20250140403,84,105,6,0,Adelaide,20,0,114,30,13,14,0
Robert Hansen,CD_I1023144,2025,4,CD_M20250140405,75,35,0,0,North Melbourne,0,0,16,30,9,0,0
Rory Laird,CD_I293222,2025,4,CD_M20250140403,65,60,0,0,Adelaide,0,0,58,30,13,0,0
Rory Lobb,CD_I990740,2025,4,CD_M20250140408,100,63,0,0,Western Bulldogs,0,0,72,30,7,0,-11
Rowan Marshall,CD_I992468,2025,4,CD_M20250140407,86,75,23,0,St Kilda,88,0,61,26,12,4,0
Ryan Byrnes,CD_I1011994,2025,4,CD_M20250140407,82,79,0,1,St Kilda,0,8,75,26,12,0,8
Ryan Lester,CD_I291548,2025,4,CD_M20250140404,85,26,0,1,Brisbane Lions,0,9,37,34,11,0,-5
Ryan Maric,CD_I1029416,2025,4,CD_M20250140406,85,73,0,8,West Coast Eagles,0,67,88,29,12,0,11
Ryley Sanders,CD_I1017939,2025,4,CD_M20250140408,78,92,9,0,Western Bulldogs,30,0,76,30,7,-8,0
Sam Banks,CD_I1013197,2025,4,CD_M20250140404,78,55,0,0,Richmond,0,0,60,34,10,0,0
Sam Clohesy,CD_I1013257,2025,4,CD_M20250140403,57,28,0,0,Gold Coast Suns,0,0,16,30,6,0,0
Samuel Collins,CD_I295446,2025,4,CD_M20250140403,97,32,0,0,Gold Coast Suns,0,0,64,30,6,0,0
Sam Darcy,CD_I1017126,2025,4,CD_M20250140408,82,128,5,0,Western Bulldogs,17,0,141,30,7,-6,0
Sam Davidson,CD_I1036123,2025,4,CD_M20250140408,85,65,0,0,Western Bulldogs,0,0,54,30,7,0,0
Sam Day,CD_I291753,2025,4,CD_M20250140404,74,68,5,0,Brisbane Lions,15,0,62,34,11,6,0
Sam De Koning,CD_I1009229,2025,4,CD_M20250140402,83,84,2,0,Geelong Cats,9,0,92,22,10,-65,0
Sam Docherty,CD_I295518,2025,4,CD_M20250140401,86,111,0,0,Carlton,0,0,82,18,15,0,0
Sam Flanders,CD_I1009260,2025,4,CD_M20250140403,81,99,10,0,Gold Coast Suns,33,0,84,30,6,-8,0
Sam Lalor,CD_I1028491,2025,4,CD_M20250140404,83,95,10,0,Richmond,29,0,112,34,10,0,0
Sam Powell-Pepper,CD_I993979,2025,4,CD_M20250140407,87,75,4,0,Port Adelaide,15,0,74,26,11,15,0
Sam Taylor,CD_I1005247,2025,4,CD_M20250140406,94,35,0,0,GWS Giants,0,0,66,29,9,0,0
Sam Walsh,CD_I1006094,2025,4,CD_M20250140401,88,137,11,0,Carlton,61,0,108,18,15,-4,0
Sam Wicks,CD_I1006232,2025,4,CD_M20250140405,79,51,0,0,Sydney Swans,0,0,64,30,4,0,0
Sandy Brock,CD_I1013315,2025,4,CD_M20250140406,92,57,0,0,West Coast Eagles,0,0,80,29,12,0,0
Scott Pendlebury,CD_I260257,2025,4,CD_M20250140401,76,100,11,0,Collingwood,61,0,106,18,10,61,0
Seth Campbell,CD_I1023275,2025,4,CD_M20250140404,74,52,0,0,Richmond,0,0,67,34,10,0,0
Shai Bolton,CD_I993993,2025,4,CD_M20250140408,76,68,14,0,Fremantle,47,0,87,30,9,8,0
Shannon Neale,CD_I1016433,2025,4,CD_M20250140402,86,49,4,0,Geelong Cats,18,0,47,22,10,18,0
Shaun Mannagh,CD_I993878,2025,4,CD_M20250140402,76,88,0,0,Geelong Cats,0,0,83,22,10,0,0
Sid Draper,CD_I1022607,2025,4,CD_M20250140403,60,54,15,0,Adelaide,50,0,56,30,13,47,0
Steele Sidebottom,CD_I280965,2025,4,CD_M20250140401,81,91,6,0,Collingwood,33,0,124,18,10,33,0
Steely Green,CD_I1023056,2025,4,CD_M20250140404,78,60,0,0,Richmond,0,0,66,34,10,0,0
Steven May,CD_I281085,2025,4,CD_M20250140402,100,106,0,7,Melbourne,0,54,123,22,13,0,-29
Taylor Walker,CD_I280506,2025,4,CD_M20250140403,76,85,0,0,Adelaide,0,0,93,30,13,0,0
Ted Clohesy,CD_I1023542,2025,4,CD_M20250140402,71,40,0,0,Geelong Cats,0,0,47,22,10,-4,0
Thomson Dow,CD_I1009226,2025,4,CD_M20250140404,71,78,22,0,Richmond,65,0,63,34,10,36,0
Timothy English,CD_I1004592,2025,4,CD_M20250140408,80,114,23,0,Western Bulldogs,77,0,107,30,7,4,0
Tim Kelly,CD_I295898,2025,4,CD_M20250140406,85,38,21,0,West Coast Eagles,72,0,57,29,12,8,0
Tim Membrey,CD_I294596,2025,4,CD_M20250140401,83,40,0,0,Collingwood,0,0,57,18,10,0,0
Tim Taranto,CD_I998172,2025,4,CD_M20250140404,81,102,26,0,Richmond,76,0,97,34,10,-11,0
Tobie Travaglia,CD_I1028538,2025,4,CD_M20250140407,72,48,0,0,St Kilda,0,0,52,26,12,-13,0
Toby Bedford,CD_I1008139,2025,4,CD_M20250140406,78,69,18,0,GWS Giants,62,0,79,29,9,-3,0
Toby Greene,CD_I295344,2025,4,CD_M20250140406,88,123,1,0,GWS Giants,3,0,149,29,9,-14,0
Toby Nankervis,CD_I298174,2025,4,CD_M20250140404,80,90,28,0,Richmond,82,0,87,34,10,-2,0
Tom Atkins,CD_I994386,2025,4,CD_M20250140402,79,86,13,0,Geelong Cats,59,0,82,22,10,-19,0
Tom Brown,CD_I1017086,2025,4,CD_M20250140404,76,45,0,2,Richmond,0,20,68,34,10,0,0
Tom Cole,CD_I993820,2025,4,CD_M20250140406,81,36,0,0,West Coast Eagles,0,0,23,29,12,0,-12
Tom De Koning,CD_I1004912,2025,4,CD_M20250140401,78,82,14,0,Carlton,78,0,101,18,15,-10,0
Tom Green,CD_I1009528,2025,4,CD_M20250140406,84,121,20,0,GWS Giants,69,0,128,29,9,-9,0
Tom Gross,CD_I1028561,2025,4,CD_M20250140406,71,62,19,0,West Coast Eagles,66,0,51,29,12,66,0
Tom Hanily,CD_I1027687,2025,4,CD_M20250140405,68,65,0,0,Sydney Swans,0,0,57,30,4,0,0
Thomas Liberatore,CD_I290799,2025,4,CD_M20250140408,81,96,24,0,Western Bulldogs,80,0,102,30,7,-1,0
Tom Lynch,CD_I293813,2025,4,CD_M20250140404,83,36,0,0,Richmond,0,0,37,34,10,0,0
Tom McCartin,CD_I1008198,2025,4,CD_M20250140405,95,58,0,0,Sydney Swans,0,0,56,30,4,0,0
Tom McDonald,CD_I291533,2025,4,CD_M20250140402,100,88,0,0,Melbourne,0,0,90,22,13,0,0
Tom Powell,CD_I1011659,2025,4,CD_M20250140405,80,92,19,0,North Melbourne,63,0,86,30,9,11,0
Tom Sparrow,CD_I999391,2025,4,CD_M20250140402,81,29,0,0,Melbourne,0,0,26,22,13,-41,0
Thomas Stewart,CD_I291800,2025,4,CD_M20250140402,80,108,1,5,Geelong Cats,5,50,118,22,10,5,50
Touk Miller,CD_I298272,2025,4,CD_M20250140403,85,87,17,0,Gold Coast Suns,57,0,108,30,6,29,0
Trent Rivers,CD_I1009378,2025,4,CD_M20250140402,79,31,0,1,Melbourne,0,8,37,22,13,-3,8
Tristan Xerri,CD_I1004965,2025,4,CD_M20250140405,79,78,23,0,North Melbourne,77,0,94,30,9,-2,0
Tyler Brockman,CD_I1013511,2025,4,CD_M20250140406,82,27,0,0,West Coast Eagles,0,0,35,29,12,-21,0
Tyler Sonsie,CD_I1017114,2025,4,CD_M20250140404,77,45,0,0,Richmond,0,0,21,34,10,0,0
Tyrell Dewar,CD_I1023142,2025,4,CD_M20250140406,82,53,0,0,West Coast Eagles,0,0,50,29,12,0,0
Tyson Stengle,CD_I997230,2025,4,CD_M20250140402,77,43,0,0,Geelong Cats,0,0,34,22,10,0,0
Wayne Milera,CD_I990882,2025,4,CD_M20250140403,80,68,0,2,Adelaide,0,15,73,30,13,0,-45
Wil Powell,CD_I1007881,2025,4,CD_M20250140403,86,58,0,2,Gold Coast Suns,0,33,98,30,6,0,19
Will Ashcroft,CD_I1023517,2025,4,CD_M20250140404,76,105,18,0,Brisbane Lions,53,0,130,34,11,-21,0
Will Graham,CD_I1026960,2025,4,CD_M20250140403,79,52,2,0,Gold Coast Suns,7,0,70,30,6,-3,0
Will Hayward,CD_I997100,2025,4,CD_M20250140405,87,95,0,0,Sydney Swans,0,0,114,30,4,0,0
Will McLachlan,CD_I1029405,2025,4,CD_M20250140404,16,9,0,0,Brisbane Lions,0,0,8,34,11,0,0
Will White,CD_I1027713,2025,4,CD_M20250140401,68,45,0,0,Carlton,0,0,29,18,15,0,0
Willem Drew,CD_I1000972,2025,4,CD_M20250140407,77,62,3,0,Port Adelaide,12,0,50,26,11,-36,0
Willie Rioli,CD_I296225,2025,4,CD_M20250140407,87,33,0,0,Port Adelaide,0,0,23,26,11,-19,0
Xavier O'Halloran,CD_I1006135,2025,4,CD_M20250140406,31,25,4,0,GWS Giants,14,0,23,29,9,14,0
Zac Bailey,CD_I1002312,2025,4,CD_M20250140404,84,73,0,0,Brisbane Lions,0,0,70,34,11,-4,0
Zachary Williams,CD_I294685,2025,4,CD_M20250140401,81,83,1,2,Carlton,6,13,75,18,15,6,13
Zach Guthrie,CD_I1004870,2025,4,CD_M20250140402,88,149,0,0,Geelong Cats,0,0,114,22,10,0,-30
Zak Butters,CD_I1006121,2025,4,CD_M20250140407,74,94,19,0,Port Adelaide,73,0,107,26,11,73,0
Zak Jones,CD_I991988,2025,4,CD_M20250140407,61,30,9,0,St Kilda,35,0,48,26,12,-13,0
